AmbientRoomTemperature,ElapsedTime,LongitudinalForce,LateralForce,NormalForce,InclinationAngle,OverturningMoment,AligningTorque,WheelRotationalSpeed,NormalizedLongitudinalForce(FX/FZ),NormalizedLateralForce(FY/FZ),TirePressure,EffectiveRadius,LoadedRadius,RoadSurfaceTemperature,SlipAngle,SlipRatioTextbook,SlipRatioBasedOnRL,TireSurfaceTemperature-Center,TireSurfaceTemperature-Inboard,TireSurfaceTemperature-Outboard,RoadSpeed,testid,tireid,Index
79.41,794.453,-5.13,-196.17,-150.2,0.006,3.67,17.42,-0.09,0.0342,1.3061,12.08,-44827.86,7.74,96.75,2.158,-0,-1.0002,139.11,137.03,135.99,24.94,Cornering,"Hoosier 43075 16x7.5-10 R20, 7 inch rim",22999
79.39,794.462,-5.61,-194.16,-152.15,0.006,3.94,17.5,0.11,0.0369,1.2761,12.21,37500.98,7.74,96.8,2.126,-0,-0.9998,138.94,136.83,136.16,24.93,Cornering,"Hoosier 43075 16x7.5-10 R20, 7 inch rim",23000
79.37,794.472,-5.39,-192.47,-153.46,0.004,3.33,17.29,0.11,0.0351,1.2542,12.36,37484.06,7.74,96.84,2.102,-0,-0.9998,138.85,136.59,136.22,24.92,Cornering,"Hoosier 43075 16x7.5-10 R20, 7 inch rim",23001
79.4,794.482,-5.05,-190.77,-154.84,0.007,3.38,16.49,0.11,0.0326,1.232,12.46,37485,7.74,96.89,2.056,-0,-0.9998,138.77,136.39,136.24,24.92,Cornering,"Hoosier 43075 16x7.5-10 R20, 7 inch rim",23002
79.41,794.492,-4.21,-188.91,-155.13,0.004,3.18,15.67,0.04,0.0271,1.2177,12.5,96786.42,7.74,96.9,2.014,-0,-0.9999,138.66,136.19,136.28,24.95,Cornering,"Hoosier 43075 16x7.5-10 R20, 7 inch rim",23003
79.38,794.503,-3.18,-186.4,-154.17,-0.002,3.12,15.2,0.04,0.0207,1.209,12.46,96811.02,7.74,96.92,1.973,-0,-0.9999,138.57,136.15,136.22,24.96,Cornering,"Hoosier 43075 16x7.5-10 R20, 7 inch rim",23004
79.37,794.513,-3.13,-183.29,-153.02,0.001,3.7,14.03,-0.03,0.0205,1.1978,12.36,-167455.25,7.74,96.92,1.936,-0,-1,138.53,136.08,136.16,24.99,Cornering,"Hoosier 43075 16x7.5-10 R20, 7 inch rim",23005
79.41,794.522,-3.59,-179.72,-150.47,0.007,3.18,12.87,0.04,0.0238,1.1944,12.19,96926.62,7.74,96.93,1.908,-0,-0.9999,138.38,135.99,136.01,24.98,Cornering,"Hoosier 43075 16x7.5-10 R20, 7 inch rim",23006
79.4,794.532,-4.89,-176.46,-149.43,0.01,3.31,11.52,0.04,0.0327,1.1809,12.03,96838.73,7.74,96.93,1.866,-0,-0.9999,138.32,135.95,135.95,24.96,Cornering,"Hoosier 43075 16x7.5-10 R20, 7 inch rim",23007
79.37,794.542,-6.19,-172.54,-148.21,-0.003,2.96,10.95,0.04,0.0418,1.1642,11.95,96795.61,7.75,96.93,1.825,-0,-0.9999,138.25,135.91,135.83,24.95,Cornering,"Hoosier 43075 16x7.5-10 R20, 7 inch rim",23008
79.39,794.552,-7.96,-169.18,-148.77,0.016,3.93,10.41,0.11,0.0535,1.1372,11.94,37515.91,7.74,96.96,1.805,-0,-0.9998,138.17,135.97,135.81,24.94,Cornering,"Hoosier 43075 16x7.5-10 R20, 7 inch rim",23009
79.41,794.562,-8.95,-166.39,-149.17,0.013,3.16,10.46,0.11,0.06,1.1154,12,37507.93,7.74,96.98,1.762,-0,-0.9998,138.19,135.97,135.97,24.93,Cornering,"Hoosier 43075 16x7.5-10 R20, 7 inch rim",23010
79.38,794.573,-9.96,-163.73,-149.98,0.001,2.96,9.96,0.04,0.0664,1.0917,12.11,96710.54,7.75,96.98,1.715,-0,-0.9999,138.06,135.84,136.12,24.93,Cornering,"Hoosier 43075 16x7.5-10 R20, 7 inch rim",23011
79.38,794.582,-9.9,-162.04,-151.56,0.001,2.01,9.93,0.04,0.0653,1.0692,12.25,96757.55,7.75,97.02,1.666,-0,-0.9999,137.89,135.55,136.32,24.94,Cornering,"Hoosier 43075 16x7.5-10 R20, 7 inch rim",23012
79.4,794.592,-9.3,-159.74,-153.06,0.007,2.16,9.82,0.11,0.0607,1.0437,12.35,37510.19,7.75,97.03,1.624,-0,-0.9998,137.76,135.4,136.4,24.93,Cornering,"Hoosier 43075 16x7.5-10 R20, 7 inch rim",23013
79.4,794.602,-8.19,-157.74,-154.33,0.009,2.1,9.7,0.11,0.0531,1.0221,12.41,37510.86,7.75,97.03,1.579,-0,-0.9998,137.74,135.2,136.48,24.93,Cornering,"Hoosier 43075 16x7.5-10 R20, 7 inch rim",23014
79.37,794.612,-6.34,-154.77,-154.13,0.004,2.57,10.33,0.04,0.0412,1.0041,12.39,96785.09,7.75,96.99,1.538,-0,-0.9999,137.65,135.16,136.48,24.94,Cornering,"Hoosier 43075 16x7.5-10 R20, 7 inch rim",23015
79.39,794.622,-5.03,-151.53,-153.1,0.014,2.78,10.81,0.04,0.0329,0.9897,12.3,96786.3,7.75,96.99,1.505,-0,-0.9999,137.61,135.11,136.48,24.94,Cornering,"Hoosier 43075 16x7.5-10 R20, 7 inch rim",23016
79.41,794.633,-4.26,-147.45,-150.09,0.004,2.02,10.99,0.18,0.0284,0.9824,12.17,23294.46,7.75,96.96,1.445,-0,-0.9997,137.5,135.05,136.4,24.96,Cornering,"Hoosier 43075 16x7.5-10 R20, 7 inch rim",23017
79.39,794.642,-3.66,-143.27,-148.64,0.01,2.39,11.72,0.11,0.0246,0.9639,12.05,37591.79,7.75,96.94,1.404,-0,-0.9998,137.42,134.98,136.28,24.98,Cornering,"Hoosier 43075 16x7.5-10 R20, 7 inch rim",23018
79.37,794.652,-4.78,-138.57,-147.2,-0.003,2.89,11.49,0.04,0.0325,0.9413,11.99,96970.8,7.75,96.95,1.372,-0,-0.9999,137.33,134.98,136.22,24.99,Cornering,"Hoosier 43075 16x7.5-10 R20, 7 inch rim",23019
79.39,794.662,-5.38,-134.89,-146.91,0.013,2.73,12.23,-0.03,0.0366,0.9182,11.98,-167419.78,7.75,96.96,1.327,-0,-1,137.33,135.05,136.14,24.98,Cornering,"Hoosier 43075 16x7.5-10 R20, 7 inch rim",23020
79.41,794.672,-6.89,-131.14,-146.69,0.001,2.1,12.24,0.04,0.047,0.894,12.06,96905.77,7.75,96.98,1.294,-0,-0.9999,137.33,135.03,136.24,24.97,Cornering,"Hoosier 43075 16x7.5-10 R20, 7 inch rim",23021
79.38,794.682,-7.85,-128.23,-147.52,0.009,1.39,12.23,0.11,0.0532,0.8692,12.17,37585.02,7.75,97,1.243,-0,-0.9998,137.31,134.98,136.32,24.98,Cornering,"Hoosier 43075 16x7.5-10 R20, 7 inch rim",23022
79.38,794.693,-7.7,-125.76,-148.99,0.007,0.83,12.52,0.18,0.0517,0.8441,12.34,23328.67,7.75,97.03,1.21,-0,-0.9997,137.2,134.78,136.52,25,Cornering,"Hoosier 43075 16x7.5-10 R20, 7 inch rim",23023
79.41,794.703,-7.45,-123.13,-150.09,0.007,0.36,12.21,0.04,0.0497,0.8204,12.45,97044.17,7.75,97.05,1.173,-0,-0.9999,137.12,134.56,136.64,25.01,Cornering,"Hoosier 43075 16x7.5-10 R20, 7 inch rim",23024
79.4,794.712,-6.54,-120.18,-150.77,0.004,0.47,11.71,0.04,0.0434,0.7971,12.47,97067.85,7.75,97.11,1.127,-0,-0.9999,137.03,134.37,136.66,25.01,Cornering,"Hoosier 43075 16x7.5-10 R20, 7 inch rim",23025
79.38,794.722,-5.09,-116.92,-150.51,0.007,0.72,11.44,0.04,0.0338,0.7768,12.44,97113.76,7.75,97.1,1.089,-0,-0.9999,136.94,134.26,136.68,25.03,Cornering,"Hoosier 43075 16x7.5-10 R20, 7 inch rim",23026
79.4,794.732,-4.24,-113.2,-149.61,0.014,1.68,10.87,0.04,0.0283,0.7566,12.31,97137.36,7.75,97.11,1.042,-0,-0.9999,136.9,134.15,136.66,25.03,Cornering,"Hoosier 43075 16x7.5-10 R20, 7 inch rim",23027
79.41,794.742,-4.31,-108.64,-146.72,-0.002,1.81,9.38,0.04,0.0294,0.7404,12.2,97183.2,7.75,97.13,1.004,-0,-0.9999,136.86,134.15,136.6,25.04,Cornering,"Hoosier 43075 16x7.5-10 R20, 7 inch rim",23028
79.38,794.753,-4.54,-104.43,-144.55,-0.002,1.86,8.97,0.04,0.0314,0.7225,12.09,97206.24,7.75,97.14,0.978,-0,-0.9999,136.71,134.08,136.52,25.05,Cornering,"Hoosier 43075 16x7.5-10 R20, 7 inch rim",23029
79.39,794.763,-5.24,-100.11,-142.53,0.01,1.38,8.51,0.11,0.0368,0.7024,12.05,37683.88,7.75,97.1,0.929,-0,-0.9998,136.66,134.08,136.38,25.04,Cornering,"Hoosier 43075 16x7.5-10 R20, 7 inch rim",23030
79.41,794.772,-6.52,-96.04,-141.51,-0.002,1.22,8.15,0.04,0.0461,0.6787,12.07,97163.1,7.75,97.07,0.883,-0,-0.9999,136.58,134.1,136.3,25.04,Cornering,"Hoosier 43075 16x7.5-10 R20, 7 inch rim",23031
79.4,794.782,-7.73,-92.07,-141.65,0.017,1.16,8.02,0.11,0.0546,0.65,12.14,37658.18,7.75,97.09,0.863,-0,-0.9998,136.6,134.15,136.3,25.03,Cornering,"Hoosier 43075 16x7.5-10 R20, 7 inch rim",23032
79.39,794.792,-9.1,-88.79,-142.74,0.007,1.23,7.34,0.11,0.0637,0.622,12.26,37632.32,7.75,97.07,0.816,-0,-0.9998,136.64,134.19,136.36,25.01,Cornering,"Hoosier 43075 16x7.5-10 R20, 7 inch rim",23033
79.41,794.802,-10.04,-85.68,-143.54,-0.002,0.03,6.32,0.11,0.0699,0.5969,12.34,37615.13,7.75,97.06,0.774,-0,-0.9998,136.56,134.08,136.54,25,Cornering,"Hoosier 43075 16x7.5-10 R20, 7 inch rim",23034
79.43,794.812,-10.35,-82.29,-144.36,0.003,-0.92,5.26,0.04,0.0717,0.57,12.39,96963.1,7.75,97.06,0.729,-0,-0.9999,136.54,133.88,136.64,24.98,Cornering,"Hoosier 43075 16x7.5-10 R20, 7 inch rim",23035
79.4,794.823,-9.45,-78.84,-146.04,-0.012,-0.55,4.7,-0.03,0.0647,0.5398,12.36,-167482.61,7.75,97.08,0.689,-0,-1,136.39,133.68,136.72,24.98,Cornering,"Hoosier 43075 16x7.5-10 R20, 7 inch rim",23036
79.4,794.832,-8.6,-75.17,-145.7,0.007,-1.19,4.16,-0.03,0.059,0.5159,12.26,-167483.34,7.75,97.05,0.653,-0,-1,136.32,133.6,136.76,24.98,Cornering,"Hoosier 43075 16x7.5-10 R20, 7 inch rim",23037
79.43,794.842,-7.59,-71.29,-144.85,0.009,-1.13,3.68,0.04,0.0524,0.4922,12.14,96986.84,7.75,97.01,0.624,-0,-0.9999,136.26,133.51,136.72,24.99,Cornering,"Hoosier 43075 16x7.5-10 R20, 7 inch rim",23038
79.42,794.852,-6.81,-66.6,-143.55,0.004,-0.1,3.25,-0.03,0.0475,0.464,12.03,-167445.75,7.75,96.96,0.581,-0,-1,136.26,133.46,136.68,24.98,Cornering,"Hoosier 43075 16x7.5-10 R20, 7 inch rim",23039
79.39,794.862,-6.8,-62.1,-141.41,0.009,0.11,3.01,0.04,0.0481,0.4392,11.97,96897.65,7.75,96.93,0.538,-0,-0.9999,136.11,133.49,136.56,24.97,Cornering,"Hoosier 43075 16x7.5-10 R20, 7 inch rim",23040
79.42,794.872,-6.85,-57.58,-139.3,0.006,0.11,3.26,0.04,0.0492,0.4133,12,96897.93,7.75,96.9,0.5,-0,-0.9999,136.06,133.46,136.52,24.97,Cornering,"Hoosier 43075 16x7.5-10 R20, 7 inch rim",23041
79.44,794.883,-7.6,-53.22,-138.76,0.003,0.75,3.46,0.11,0.0548,0.3836,12.08,37581.48,7.75,96.88,0.462,-0,-0.9998,136.04,133.53,136.42,24.97,Cornering,"Hoosier 43075 16x7.5-10 R20, 7 inch rim",23042
79.41,794.892,-8.3,-49.21,-137.79,0.009,-0.49,4.13,0.04,0.0602,0.3572,12.22,96920.84,7.75,96.89,0.427,-0,-0.9999,136,133.64,136.36,24.97,Cornering,"Hoosier 43075 16x7.5-10 R20, 7 inch rim",23043
79.41,794.902,-9.3,-45.49,-138.23,0.004,-1.29,4.16,0.04,0.0673,0.3291,12.33,96943.48,7.75,96.9,0.389,-0,-0.9999,135.98,133.62,136.46,24.98,Cornering,"Hoosier 43075 16x7.5-10 R20, 7 inch rim",23044
79.44,794.912,-9.74,-41.45,-139.37,-0,-1.44,3.99,0.11,0.0699,0.2974,12.36,37572.93,7.75,96.91,0.345,-0,-0.9998,135.98,133.57,136.58,24.97,Cornering,"Hoosier 43075 16x7.5-10 R20, 7 inch rim",23045
79.45,794.922,-9.72,-37.76,-140.62,0.006,-2.31,3.42,0.11,0.0691,0.2685,12.33,37581.68,7.75,96.93,0.312,-0,-0.9998,135.85,133.38,136.7,24.97,Cornering,"Hoosier 43075 16x7.5-10 R20, 7 inch rim",23046
79.41,794.932,-9.1,-33.58,-142.14,0.006,-2.13,2.53,-0.03,0.064,0.2362,12.26,-167487.05,7.75,96.95,0.276,-0,-1,135.79,133.2,136.76,24.98,Cornering,"Hoosier 43075 16x7.5-10 R20, 7 inch rim",23047
79.43,794.943,-8.16,-29.42,-142.67,0.014,-1.89,1.96,0.18,0.0572,0.2062,12.11,23310.15,7.75,96.96,0.232,-0,-0.9997,135.68,133.07,136.76,24.97,Cornering,"Hoosier 43075 16x7.5-10 R20, 7 inch rim",23048
79.45,794.952,-7.16,-24.58,-142.11,0.009,-1.33,1.13,0.04,0.0504,0.1729,11.97,96943.61,7.75,96.98,0.199,-0,-0.9999,135.68,133,136.76,24.98,Cornering,"Hoosier 43075 16x7.5-10 R20, 7 inch rim",23049
79.43,794.962,-6.94,-19.57,-139.96,-0,-1.29,-0.07,-0.03,0.0496,0.1398,11.88,-167447.81,7.75,96.95,0.15,-0,-1,135.59,133,136.7,24.98,Cornering,"Hoosier 43075 16x7.5-10 R20, 7 inch rim",23050
79.42,794.972,-7.01,-14.61,-138.25,0.006,-0.82,-0.96,0.11,0.0507,0.1056,11.86,37581.53,7.75,96.95,0.106,-0,-0.9998,135.57,132.98,136.66,24.97,Cornering,"Hoosier 43075 16x7.5-10 R20, 7 inch rim",23051
79.45,794.982,-7.52,-9.94,-136.73,0.007,-0.6,-1.74,0.18,0.055,0.0727,11.92,23326.25,7.75,96.95,0.074,-0,-0.9997,135.46,132.93,136.56,24.99,Cornering,"Hoosier 43075 16x7.5-10 R20, 7 inch rim",23052
79.45,794.992,-8.41,-5.61,-135.34,0.012,-1.33,-2.28,0.04,0.0621,0.0415,12.03,97055.33,7.75,96.95,0.034,-0,-0.9999,135.51,132.98,136.48,25.01,Cornering,"Hoosier 43075 16x7.5-10 R20, 7 inch rim",23053
79.43,795.003,-9.17,-0.79,-134.91,0.006,-1.53,-2.1,-0.03,0.068,0.0058,12.19,-167562.62,7.75,96.95,-0.016,-0,-1,135.42,133.07,136.42,25,Cornering,"Hoosier 43075 16x7.5-10 R20, 7 inch rim",23054
79.44,795.012,-10.46,3.69,-135.14,0.009,-2.38,-2.42,0.11,0.0774,-0.0273,12.32,37624.63,7.75,96.94,-0.07,-0,-0.9998,135.4,133.13,136.4,25,Cornering,"Hoosier 43075 16x7.5-10 R20, 7 inch rim",23055
79.47,795.022,-11.02,7.87,-136.85,0.007,-2.34,-2.51,0.11,0.0806,-0.0575,12.39,37598.34,7.75,96.98,-0.1,-0,-0.9998,135.4,133.11,136.54,24.98,Cornering,"Hoosier 43075 16x7.5-10 R20, 7 inch rim",23056
79.45,795.032,-11.02,12.67,-138.2,0.007,-2.58,-2.8,0.11,0.0798,-0.0917,12.37,37571.91,7.75,96.97,-0.158,-0,-0.9998,135.33,132.96,136.58,24.97,Cornering,"Hoosier 43075 16x7.5-10 R20, 7 inch rim",23057
79.43,795.042,-10.05,17.33,-139.78,0.001,-3,-3.02,0.04,0.0719,-0.124,12.31,96850.38,7.75,96.95,-0.203,-0,-0.9999,135.25,132.82,136.64,24.96,Cornering,"Hoosier 43075 16x7.5-10 R20, 7 inch rim",23058
79.46,795.052,-8.57,22.75,-140.87,0.004,-2.3,-2.89,0.04,0.0609,-0.1615,12.19,96849.88,7.75,96.94,-0.238,-0,-0.9999,135.14,132.76,136.7,24.96,Cornering,"Hoosier 43075 16x7.5-10 R20, 7 inch rim",23059
79.47,795.062,-7.28,27.7,-141.79,0.012,-1.37,-3.09,0.04,0.0513,-0.1953,12.07,96848.99,7.75,96.9,-0.294,-0,-0.9999,135.1,132.71,136.74,24.96,Cornering,"Hoosier 43075 16x7.5-10 R20, 7 inch rim",23060
79.44,795.072,-6.53,32.34,-141.09,0.016,-1.31,-3.72,0.04,0.0463,-0.2292,11.99,96870.56,7.74,96.86,-0.347,-0,-0.9999,135.06,132.71,136.72,24.96,Cornering,"Hoosier 43075 16x7.5-10 R20, 7 inch rim",23061
79.45,795.082,-6.35,37.2,-139.67,0.004,-1.2,-4.52,0.04,0.0455,-0.2663,11.99,96870,7.75,96.83,-0.377,-0,-0.9999,135.06,132.74,136.64,24.96,Cornering,"Hoosier 43075 16x7.5-10 R20, 7 inch rim",23062
79.47,795.092,-6.74,42,-138.01,0.007,-1.97,-5.07,0.11,0.0489,-0.3044,12.08,37578.98,7.74,96.81,-0.415,-0,-0.9998,134.95,132.76,136.6,24.97,Cornering,"Hoosier 43075 16x7.5-10 R20, 7 inch rim",23063
79.45,795.102,-6.26,46.98,-136.95,0.004,-2.6,-4.11,0.11,0.0457,-0.343,12.17,37578.62,7.74,96.81,-0.46,-0,-0.9998,134.91,132.8,136.54,24.97,Cornering,"Hoosier 43075 16x7.5-10 R20, 7 inch rim",23064
79.44,795.112,-7.05,51.97,-136.32,-0.006,-3.38,-4.17,-0.03,0.0517,-0.3812,12.29,-167510.86,7.74,96.79,-0.496,-0,-1,134.82,132.87,136.44,24.99,Cornering,"Hoosier 43075 16x7.5-10 R20, 7 inch rim",23065
79.45,795.122,-7.85,56.87,-136.81,0.009,-4.21,-4.14,0.04,0.0574,-0.4157,12.39,97046.8,7.74,96.8,-0.524,-0,-0.9999,134.88,132.91,136.42,25.01,Cornering,"Hoosier 43075 16x7.5-10 R20, 7 inch rim",23066
79.47,795.132,-8.43,62.13,-137.69,0.012,-4.58,-4.22,0.04,0.0612,-0.4512,12.4,97113.38,7.74,96.77,-0.561,-0,-0.9999,134.86,132.93,136.48,25.03,Cornering,"Hoosier 43075 16x7.5-10 R20, 7 inch rim",23067
79.45,795.142,-9.15,67.58,-138.8,0.001,-4.79,-5.13,0.11,0.0659,-0.4869,12.34,37647.18,7.74,96.77,-0.593,-0,-0.9998,134.84,132.85,136.52,25.02,Cornering,"Hoosier 43075 16x7.5-10 R20, 7 inch rim",23068
79.43,795.152,-9,72.2,-140.86,0.009,-4.9,-6.1,0.11,0.0639,-0.5126,12.22,37646.85,7.74,96.76,-0.626,-0,-0.9998,134.78,132.76,136.52,25.02,Cornering,"Hoosier 43075 16x7.5-10 R20, 7 inch rim",23069
79.47,795.162,-8.33,77.15,-142.55,0.012,-4.71,-7.19,0.11,0.0584,-0.5412,12.09,37637.93,7.73,96.77,-0.644,-0,-0.9998,134.73,132.69,136.48,25.01,Cornering,"Hoosier 43075 16x7.5-10 R20, 7 inch rim",23070
79.45,795.172,-7.82,81.7,-143.85,-0.006,-3.87,-8.69,0.04,0.0544,-0.5679,12.01,97065.09,7.74,96.75,-0.686,-0,-0.9999,134.8,132.67,136.46,25.01,Cornering,"Hoosier 43075 16x7.5-10 R20, 7 inch rim",23071
79.43,795.182,-6.87,85.57,-143.35,-0.003,-4.53,-9.6,0.04,0.0479,-0.5969,12,97063.89,7.74,96.76,-0.728,-0,-0.9999,134.71,132.63,136.38,25.01,Cornering,"Hoosier 43075 16x7.5-10 R20, 7 inch rim",23072
79.45,795.192,-6.58,89.58,-143.18,0.007,-4.07,-10.92,0.04,0.0459,-0.6257,12.05,97085.62,7.74,96.73,-0.753,-0,-0.9999,134.76,132.69,136.32,25.02,Cornering,"Hoosier 43075 16x7.5-10 R20, 7 inch rim",23073
79.47,795.202,-7.59,93.64,-141.83,0.003,-4.28,-12.87,-0.03,0.0535,-0.6602,12.18,-167730.11,7.73,96.73,-0.792,-0,-1,134.73,132.67,136.2,25.03,Cornering,"Hoosier 43075 16x7.5-10 R20, 7 inch rim",23074
79.45,795.212,-8.51,97.96,-140.28,0.012,-5.19,-13.93,0.04,0.0607,-0.6983,12.3,97083.27,7.73,96.72,-0.828,-0,-0.9999,134.65,132.71,136.07,25.02,Cornering,"Hoosier 43075 16x7.5-10 R20, 7 inch rim",23075
79.43,795.222,-9.87,102.29,-139.74,0.016,-5.43,-14.88,0.11,0.0707,-0.732,12.41,37644.11,7.73,96.72,-0.861,-0,-0.9998,134.58,132.78,135.95,25.02,Cornering,"Hoosier 43075 16x7.5-10 R20, 7 inch rim",23076
79.45,795.232,-11.03,106.83,-139.78,0.001,-6.07,-15.35,0.04,0.0789,-0.7642,12.44,97058.03,7.73,96.7,-0.909,-0,-0.9999,134.56,132.87,135.95,25.01,Cornering,"Hoosier 43075 16x7.5-10 R20, 7 inch rim",23077
79.45,795.242,-11.79,111.45,-140.62,0.007,-6.11,-15.44,0.11,0.0838,-0.7926,12.4,37651.43,7.73,96.71,-0.964,-0,-0.9998,134.58,132.98,135.99,25.03,Cornering,"Hoosier 43075 16x7.5-10 R20, 7 inch rim",23078
79.42,795.252,-12.66,116.07,-141.62,0.016,-6.88,-16.4,0.04,0.0894,-0.8196,12.3,97054.92,7.73,96.7,-0.995,-0,-0.9999,134.52,132.93,136.05,25.01,Cornering,"Hoosier 43075 16x7.5-10 R20, 7 inch rim",23079
79.44,795.262,-12.58,120.45,-143.14,-0,-7.18,-16.94,-0.03,0.0879,-0.8415,12.15,-167520.86,7.73,96.7,-1.04,-0,-1,134.37,132.85,136.07,25,Cornering,"Hoosier 43075 16x7.5-10 R20, 7 inch rim",23080
79.46,795.272,-11.44,124.27,-145.18,0.013,-7.24,-16.94,-0.03,0.0788,-0.856,12.05,-167439.95,7.73,96.72,-1.087,-0,-1,134.28,132.71,135.97,24.98,Cornering,"Hoosier 43075 16x7.5-10 R20, 7 inch rim",23081
79.44,795.282,-9.89,128.19,-146.16,-0,-7.35,-17.05,0.11,0.0676,-0.877,12,37544.05,7.73,96.75,-1.144,-0,-0.9998,134.22,132.65,135.89,24.96,Cornering,"Hoosier 43075 16x7.5-10 R20, 7 inch rim",23082
79.42,795.292,-8.45,132.22,-147.02,0.003,-6.23,-17.01,0.11,0.0575,-0.8993,12,37526,7.73,96.79,-1.181,-0,-0.9998,134.15,132.56,135.87,24.94,Cornering,"Hoosier 43075 16x7.5-10 R20, 7 inch rim",23083
79.44,795.302,-6.59,136.08,-145.85,0.009,-6.66,-16.14,-0.03,0.0452,-0.933,12.08,-167235.62,7.73,96.83,-1.226,-0,-1,134.11,132.58,135.79,24.96,Cornering,"Hoosier 43075 16x7.5-10 R20, 7 inch rim",23084
79.45,795.312,-5.82,140.16,-144.01,-0.003,-7.09,-15.97,0.04,0.0404,-0.9733,12.22,96773.66,7.73,96.89,-1.27,-0,-0.9999,134.07,132.54,135.71,24.94,Cornering,"Hoosier 43075 16x7.5-10 R20, 7 inch rim",23085
79.42,795.322,-5.6,144.52,-142.75,-0.005,-6.66,-15.35,-0.03,0.0392,-1.0124,12.36,-167151.08,7.73,96.9,-1.313,-0,-1,133.92,132.56,135.63,24.94,Cornering,"Hoosier 43075 16x7.5-10 R20, 7 inch rim",23086
79.42,795.332,-5.86,148.99,-141.62,0.007,-6.91,-14.78,-0.03,0.0414,-1.052,12.44,-167107.66,7.73,96.88,-1.369,-0,-1,133.9,132.67,135.59,24.94,Cornering,"Hoosier 43075 16x7.5-10 R20, 7 inch rim",23087
79.45,795.342,-5.92,153.62,-141.25,0.014,-6.9,-13.35,-0.03,0.0419,-1.0876,12.44,-167065.31,7.73,96.85,-1.411,-0,-1,133.92,132.8,135.55,24.93,Cornering,"Hoosier 43075 16x7.5-10 R20, 7 inch rim",23088
79.43,795.352,-6.43,157.81,-141.86,0.012,-7.13,-12.7,-0.03,0.0454,-1.1124,12.38,-166985.16,7.73,96.81,-1.439,-0,-1,133.98,132.89,135.53,24.92,Cornering,"Hoosier 43075 16x7.5-10 R20, 7 inch rim",23089
79.4,795.362,-6.53,161.83,-142.94,0.01,-7.07,-12.05,0.11,0.0457,-1.1322,12.26,37502.94,7.73,96.79,-1.488,-0,-0.9998,133.94,132.89,135.51,24.93,Cornering,"Hoosier 43075 16x7.5-10 R20, 7 inch rim",23090
79.44,795.372,-6.13,165.4,-144.46,0.007,-7.52,-11.72,0.04,0.0424,-1.1449,12.12,96783.29,7.73,96.75,-1.531,-0,-0.9999,133.83,132.76,135.49,24.95,Cornering,"Hoosier 43075 16x7.5-10 R20, 7 inch rim",23091
79.45,795.382,-5.75,168.94,-145.64,0.012,-8.3,-12.43,0.04,0.0395,-1.16,12.03,96848.52,7.73,96.74,-1.572,-0,-0.9999,133.73,132.67,135.43,24.97,Cornering,"Hoosier 43075 16x7.5-10 R20, 7 inch rim",23092
79.41,795.392,-4.07,172.05,-147.18,0.007,-8.29,-12.27,-0.03,0.0276,-1.169,12,-167357.38,7.73,96.7,-1.615,-0,-1,133.7,132.56,135.33,24.98,Cornering,"Hoosier 43075 16x7.5-10 R20, 7 inch rim",23093
79.41,795.402,-3.32,174.68,-147.46,0.007,-8.46,-13.42,0.11,0.0225,-1.1846,12.03,37561,7.73,96.68,-1.63,-0,-0.9998,133.64,132.63,135.23,24.97,Cornering,"Hoosier 43075 16x7.5-10 R20, 7 inch rim",23094
79.44,795.412,-3.01,177.63,-146.79,0.013,-7.79,-14.73,-0.03,0.0205,-1.2101,12.14,-167235.7,7.72,96.67,-1.668,-0,-1,133.58,132.58,135.15,24.96,Cornering,"Hoosier 43075 16x7.5-10 R20, 7 inch rim",23095
79.42,795.422,-3.26,180.63,-145.18,-0,-7.62,-16.24,0.04,0.0225,-1.2441,12.27,96773.3,7.73,96.66,-1.71,-0,-0.9999,133.51,132.67,135.08,24.95,Cornering,"Hoosier 43075 16x7.5-10 R20, 7 inch rim",23096
79.39,795.432,-4.19,184.07,-143.48,-0.003,-6.91,-17.52,-0.03,0.0292,-1.2829,12.38,-167266.73,7.73,96.69,-1.746,-0,-1,133.4,132.63,134.98,24.97,Cornering,"Hoosier 43075 16x7.5-10 R20, 7 inch rim",23097
79.43,795.442,-4.91,186.98,-142.36,0.01,-7.12,-17.86,0.04,0.0345,-1.3134,12.43,96880.93,7.72,96.66,-1.79,-0,-0.9999,133.34,132.69,134.9,24.98,Cornering,"Hoosier 43075 16x7.5-10 R20, 7 inch rim",23098
79.44,795.452,-6.15,190.6,-142.24,-0.003,-6.22,-18.31,0.04,0.0432,-1.3399,12.41,96923.6,7.73,96.67,-1.827,-0,-0.9999,133.43,132.78,134.86,24.99,Cornering,"Hoosier 43075 16x7.5-10 R20, 7 inch rim",23099
79.41,795.462,-8.03,193.38,-142.03,-0.002,-6.83,-19.16,-0.03,0.0566,-1.3616,12.32,-167408.84,7.73,96.7,-1.87,-0,-1,133.32,132.87,134.84,24.99,Cornering,"Hoosier 43075 16x7.5-10 R20, 7 inch rim",23100
79.41,795.472,-9.56,195.84,-142.53,0.001,-7.57,-20.13,0.04,0.0671,-1.374,12.22,96874.59,7.73,96.75,-1.892,-0,-0.9999,133.4,132.89,134.9,24.98,Cornering,"Hoosier 43075 16x7.5-10 R20, 7 inch rim",23101
79.43,795.482,-9.91,197.7,-143.76,-0.003,-8.37,-20.47,0.11,0.0689,-1.3752,12.11,37527.71,7.73,96.76,-1.933,-0,-0.9998,133.27,132.8,134.94,24.96,Cornering,"Hoosier 43075 16x7.5-10 R20, 7 inch rim",23102
79.42,795.492,-10.48,199.69,-145.49,0.003,-8.89,-21.87,-0.03,0.0721,-1.3725,12.09,-167126.02,7.72,96.78,-1.969,-0,-1,133.17,132.76,134.96,24.95,Cornering,"Hoosier 43075 16x7.5-10 R20, 7 inch rim",23103
79.4,795.502,-9.22,201.69,-146.94,0.006,-8.93,-21.85,0.04,0.0627,-1.3726,12.14,96687.36,7.73,96.77,-2.005,-0,-0.9999,133.08,132.63,134.9,24.93,Cornering,"Hoosier 43075 16x7.5-10 R20, 7 inch rim",23104
79.41,795.512,-7.95,204.02,-147.36,0.003,-9.13,-22.17,0.04,0.054,-1.3845,12.22,96706.93,7.72,96.76,-2.048,-0,-0.9999,133.15,132.54,134.86,24.94,Cornering,"Hoosier 43075 16x7.5-10 R20, 7 inch rim",23105
79.43,795.522,-6.81,206.68,-146.46,-0.002,-9.14,-22.41,0.11,0.0465,-1.4112,12.33,37488.74,7.73,96.76,-2.091,-0,-0.9998,133.08,132.52,134.82,24.93,Cornering,"Hoosier 43075 16x7.5-10 R20, 7 inch rim",23106
79.41,795.532,-5.8,209.3,-144.6,0.009,-8.85,-22.19,0.11,0.0401,-1.4475,12.41,37470.06,7.72,96.78,-2.136,-0,-0.9998,133.06,132.47,134.72,24.92,Cornering,"Hoosier 43075 16x7.5-10 R20, 7 inch rim",23107
79.39,795.542,-5.36,211.98,-143.12,0.001,-8.09,-21.83,0.04,0.0374,-1.4811,12.41,96652.92,7.72,96.83,-2.177,-0,-0.9999,132.97,132.45,134.6,24.93,Cornering,"Hoosier 43075 16x7.5-10 R20, 7 inch rim",23108
79.42,795.552,-4.96,214.45,-141.37,0.006,-8.4,-20.71,0.04,0.0351,-1.5169,12.35,96605.48,7.72,96.89,-2.211,-0,-0.9999,132.91,132.41,134.48,24.92,Cornering,"Hoosier 43075 16x7.5-10 R20, 7 inch rim",23109
79.41,795.562,-5.28,217.72,-140.26,0.006,-8.05,-19.65,0.11,0.0376,-1.5523,12.22,37475.05,7.72,96.91,-2.268,-0,-0.9998,132.89,132.45,134.44,24.93,Cornering,"Hoosier 43075 16x7.5-10 R20, 7 inch rim",23110
79.39,795.572,-5.9,220.37,-140.43,-0,-7.88,-18.57,0.04,0.042,-1.5693,12.11,96687.46,7.72,96.97,-2.317,-0,-0.9999,132.93,132.52,134.44,24.94,Cornering,"Hoosier 43075 16x7.5-10 R20, 7 inch rim",23111
79.41,795.582,-6,222.83,-141.46,0.006,-7.61,-17.25,-0.03,0.0424,-1.5752,12.05,-167118.81,7.72,96.94,-2.341,-0,-1,132.97,132.63,134.48,24.96,Cornering,"Hoosier 43075 16x7.5-10 R20, 7 inch rim",23112
79.43,795.592,-6.82,224.65,-141.81,0.013,-9.24,-17.32,0.04,0.0481,-1.5841,12.04,96749.66,7.72,96.92,-2.384,-0,-0.9999,132.97,132.56,134.5,24.96,Cornering,"Hoosier 43075 16x7.5-10 R20, 7 inch rim",23113
79.41,795.602,-6.51,226.86,-142.93,-0.005,-9.72,-17.26,0.04,0.0456,-1.5872,12.11,96701.9,7.72,96.9,-2.42,-0,-0.9999,132.85,132.49,134.52,24.94,Cornering,"Hoosier 43075 16x7.5-10 R20, 7 inch rim",23114
79.39,795.612,-6.06,228.7,-145.23,-0.002,-9.5,-17.83,0.04,0.0417,-1.5747,12.23,96788.58,7.72,96.86,-2.46,-0,-0.9999,132.8,132.47,134.52,24.97,Cornering,"Hoosier 43075 16x7.5-10 R20, 7 inch rim",23115
79.41,795.622,-4.52,231.16,-145.77,0.006,-9.48,-17.74,0.04,0.031,-1.5858,12.33,96852.61,7.72,96.85,-2.502,-0,-0.9999,132.82,132.43,134.44,24.98,Cornering,"Hoosier 43075 16x7.5-10 R20, 7 inch rim",23116
79.41,795.632,-3.71,233.33,-145.04,0.007,-9.98,-18.44,-0.03,0.0256,-1.6087,12.44,-167479.61,7.72,96.86,-2.539,-0,-1,132.78,132.45,134.38,25.01,Cornering,"Hoosier 43075 16x7.5-10 R20, 7 inch rim",23117
79.39,795.642,-2.84,235.68,-143.55,0.006,-9.6,-18.71,0.11,0.0198,-1.6417,12.46,37595.74,7.72,96.84,-2.592,-0,-0.9998,132.72,132.47,134.34,25.01,Cornering,"Hoosier 43075 16x7.5-10 R20, 7 inch rim",23118
79.4,795.652,-2.42,238.49,-142.03,0.006,-8.6,-18.86,0.11,0.0171,-1.6792,12.4,37559.71,7.72,96.86,-2.628,-0,-0.9998,132.65,132.49,134.26,24.99,Cornering,"Hoosier 43075 16x7.5-10 R20, 7 inch rim",23119
79.42,795.662,-2.73,240.83,-140.64,0.007,-8.02,-18.93,0.11,0.0194,-1.7123,12.28,37532.58,7.72,96.87,-2.658,-0,-0.9998,132.59,132.47,134.18,24.97,Cornering,"Hoosier 43075 16x7.5-10 R20, 7 inch rim",23120
79.41,795.672,-3.4,243.31,-139.34,0.009,-8.47,-18.57,0.04,0.0244,-1.7461,12.13,96790.55,7.72,96.85,-2.703,-0,-0.9999,132.46,132.56,134.11,24.97,Cornering,"Hoosier 43075 16x7.5-10 R20, 7 inch rim",23121
79.38,795.682,-4.38,245.63,-139.25,0.01,-8.44,-18.48,0.11,0.0314,-1.764,12.01,37547.12,7.72,96.83,-2.742,-0,-0.9998,132.48,132.67,134.18,24.98,Cornering,"Hoosier 43075 16x7.5-10 R20, 7 inch rim",23122
79.41,795.692,-5.49,247.68,-139.34,-0.005,-9.05,-18.38,0.11,0.0394,-1.7776,11.95,37572.01,7.72,96.85,-2.778,-0,-0.9998,132.48,132.78,134.22,25,Cornering,"Hoosier 43075 16x7.5-10 R20, 7 inch rim",23123
79.42,795.702,-6.95,249.17,-140.65,0.012,-9.49,-19.17,0.04,0.0494,-1.7716,11.97,97028.16,7.72,96.89,-2.809,-0,-0.9999,132.46,132.87,134.3,25.04,Cornering,"Hoosier 43075 16x7.5-10 R20, 7 inch rim",23124
79.39,795.712,-7.16,250.55,-141.48,0.012,-10.86,-19.57,-0.03,0.0506,-1.771,12.06,-167585.45,7.72,96.88,-2.864,-0,-1,132.42,132.91,134.3,25.04,Cornering,"Hoosier 43075 16x7.5-10 R20, 7 inch rim",23125
79.39,795.722,-7.47,251.95,-143.54,0.007,-10.64,-20.84,-0.09,0.0521,-1.7553,12.19,-44929.18,7.72,96.9,-2.9,-0,-1.0002,132.31,132.93,134.36,25.02,Cornering,"Hoosier 43075 16x7.5-10 R20, 7 inch rim",23126
79.42,795.732,-6.57,253.97,-144.28,0.006,-10.83,-21.54,-0.09,0.0456,-1.7602,12.31,-44906.48,7.72,96.89,-2.943,-0,-1.0002,132.29,132.87,134.34,25.01,Cornering,"Hoosier 43075 16x7.5-10 R20, 7 inch rim",23127
79.41,795.742,-5.67,255.83,-144.91,0.009,-10.05,-22.21,0.04,0.0391,-1.7654,12.37,96810.62,7.72,96.9,-2.974,-0,-0.9999,132.33,132.91,134.28,24.98,Cornering,"Hoosier 43075 16x7.5-10 R20, 7 inch rim",23128
79.38,795.752,-4.55,257.71,-143.98,0.004,-9.86,-22.33,-0.03,0.0316,-1.7899,12.37,-167212.64,7.72,96.89,-3.008,-0,-1,132.31,132.93,134.26,24.98,Cornering,"Hoosier 43075 16x7.5-10 R20, 7 inch rim",23129
79.4,795.762,-4.15,259.89,-142.69,0.007,-8.94,-22.68,-0.03,0.0291,-1.8214,12.3,-167088.78,7.71,96.9,-3.053,-0,-1,132.27,132.93,134.22,24.97,Cornering,"Hoosier 43075 16x7.5-10 R20, 7 inch rim",23130
79.42,795.772,-3.83,261.77,-140.48,0.007,-9.36,-22.2,-0.03,0.0273,-1.8634,12.19,-167081.95,7.71,96.91,-3.093,-0,-1,132.2,132.93,134.18,24.97,Cornering,"Hoosier 43075 16x7.5-10 R20, 7 inch rim",23131
79.39,795.782,-4.46,264.24,-139.5,0.013,-8.84,-21.91,-0.03,0.032,-1.8942,12.08,-167075.78,7.71,96.91,-3.129,-0,-1,132.16,132.98,134.18,24.97,Cornering,"Hoosier 43075 16x7.5-10 R20, 7 inch rim",23132
79.38,795.792,-4.8,266.29,-138.92,0.001,-9.18,-20.79,0.04,0.0345,-1.9168,12.02,96655.37,7.72,96.9,-3.182,-0,-0.9999,132.16,133.02,134.2,24.95,Cornering,"Hoosier 43075 16x7.5-10 R20, 7 inch rim",23133
79.41,795.802,-5.97,268.57,-138.99,0.013,-9.34,-20.39,-0.03,0.043,-1.9323,12.03,-166944.11,7.71,96.9,-3.216,-0,-1,132.2,133.16,134.24,24.95,Cornering,"Hoosier 43075 16x7.5-10 R20, 7 inch rim",23134
79.41,795.812,-6.24,269.82,-139.42,0.007,-10.73,-19.45,0.04,0.0448,-1.9352,12.1,96624.66,7.71,96.89,-3.262,-0,-0.9999,132.2,133.29,134.26,24.94,Cornering,"Hoosier 43075 16x7.5-10 R20, 7 inch rim",23135
79.38,795.822,-6.46,271.22,-140.71,-0,-11.36,-19.24,-0.03,0.0459,-1.9275,12.22,-166889.09,7.72,96.91,-3.306,-0,-1,132.18,133.24,134.34,24.94,Cornering,"Hoosier 43075 16x7.5-10 R20, 7 inch rim",23136
79.39,795.832,-5.74,272.76,-142.77,-0,-11.18,-18.81,0.11,0.0402,-1.9104,12.33,37445.9,7.71,96.9,-3.345,-0,-0.9998,132.12,133.24,134.36,24.93,Cornering,"Hoosier 43075 16x7.5-10 R20, 7 inch rim",23137
79.42,795.842,-4.94,274.78,-143.72,-0.006,-11.34,-19.23,-0.03,0.0344,-1.912,12.36,-166798.39,7.71,96.91,-3.378,-0,-1,132.09,133.24,134.2,24.93,Cornering,"Hoosier 43075 16x7.5-10 R20, 7 inch rim",23138
79.38,795.852,-3.76,276.61,-144.29,0.004,-11.36,-19.51,0.04,0.0261,-1.9171,12.33,96607.89,7.71,96.87,-3.419,-0,-0.9999,132.18,133.22,134.11,24.94,Cornering,"Hoosier 43075 16x7.5-10 R20, 7 inch rim",23139
79.38,795.862,-2.64,278.49,-144.15,0.004,-10.53,-19.62,0.11,0.0183,-1.9319,12.24,37466.9,7.71,96.86,-3.467,-0,-0.9998,132.16,133.22,134.11,24.95,Cornering,"Hoosier 43075 16x7.5-10 R20, 7 inch rim",23140
79.41,795.872,-2.36,280.33,-142.81,0.014,-9.95,-20.16,0.04,0.0165,-1.9629,12.11,96666.41,7.71,96.88,-3.5,-0,-0.9999,132.16,133.24,134.05,24.96,Cornering,"Hoosier 43075 16x7.5-10 R20, 7 inch rim",23141
79.41,795.882,-2.31,281.77,-140.9,0.004,-10.12,-20.41,-0.03,0.0164,-1.9998,12.02,-167037.11,7.71,96.89,-3.55,-0,-1,132.12,133.2,133.99,24.97,Cornering,"Hoosier 43075 16x7.5-10 R20, 7 inch rim",23142
79.38,795.892,-2.4,283.93,-139.29,0.013,-9.75,-19.89,0.04,0.0172,-2.0384,11.99,96656.42,7.71,96.87,-3.588,-0,-0.9999,132.12,133.22,133.97,24.96,Cornering,"Hoosier 43075 16x7.5-10 R20, 7 inch rim",23143
79.39,795.902,-3.78,285.81,-139.06,0.009,-9.4,-20.1,0.11,0.0272,-2.0553,12.01,37459.96,7.71,96.87,-3.626,-0,-0.9998,132.14,133.27,134.03,24.95,Cornering,"Hoosier 43075 16x7.5-10 R20, 7 inch rim",23144
79.41,795.912,-4.7,287.34,-138.59,0.014,-10.35,-19.56,0.11,0.0339,-2.0732,12.1,37450.11,7.71,96.84,-3.651,-0,-0.9998,132.2,133.38,134.09,24.94,Cornering,"Hoosier 43075 16x7.5-10 R20, 7 inch rim",23145
79.39,795.922,-5.89,289.05,-139.24,0.009,-10.53,-19.75,0.04,0.0423,-2.0759,12.24,96621.42,7.71,96.81,-3.697,-0,-0.9999,132.27,133.49,134.16,24.96,Cornering,"Hoosier 43075 16x7.5-10 R20, 7 inch rim",23146
79.38,795.932,-7.29,290.32,-140.5,-0.005,-11.01,-20.54,0.11,0.0519,-2.0664,12.35,37489.66,7.71,96.76,-3.739,-0,-0.9998,132.27,133.53,134.26,24.97,Cornering,"Hoosier 43075 16x7.5-10 R20, 7 inch rim",23147
79.41,795.942,-7.34,291.81,-142.16,0.01,-11.29,-20.73,-0.03,0.0516,-2.0527,12.41,-167224.59,7.71,96.74,-3.775,-0,-1,132.27,133.46,134.38,25.01,Cornering,"Hoosier 43075 16x7.5-10 R20, 7 inch rim",23148
79.41,795.952,-6.67,293.21,-143.64,0.006,-11.89,-21.07,-0.03,0.0464,-2.0413,12.39,-167331.34,7.71,96.71,-3.82,-0,-1,132.14,133.53,134.4,25.03,Cornering,"Hoosier 43075 16x7.5-10 R20, 7 inch rim",23149
79.38,795.962,-5.58,294.9,-144.53,0.01,-11.65,-21.39,0.04,0.0386,-2.0404,12.29,96871.35,7.7,96.67,-3.859,-0,-0.9999,132.16,133.55,134.34,25.03,Cornering,"Hoosier 43075 16x7.5-10 R20, 7 inch rim",23150
79.38,795.972,-4.24,296.65,-144.87,-0.003,-10.83,-21.61,-0.03,0.0293,-2.0477,12.16,-167160.33,7.71,96.63,-3.896,-0,-1,132.25,133.51,134.26,25,Cornering,"Hoosier 43075 16x7.5-10 R20, 7 inch rim",23151
79.41,795.982,-3.15,298.04,-143.81,0.006,-10.18,-21.57,-0.03,0.0219,-2.0724,12.03,-167071.8,7.7,96.62,-3.948,-0,-1,132.27,133.51,134.28,24.99,Cornering,"Hoosier 43075 16x7.5-10 R20, 7 inch rim",23152
79.39,795.992,-3.27,299.43,-141.67,0.01,-10.61,-22.11,-0.03,0.0231,-2.1137,11.96,-167024.72,7.7,96.62,-3.986,-0,-1,132.22,133.51,134.24,24.98,Cornering,"Hoosier 43075 16x7.5-10 R20, 7 inch rim",23153
79.38,796.002,-3.07,301.01,-140.62,0.007,-9.6,-21.57,-0.03,0.0219,-2.1405,11.96,-167016.91,7.7,96.62,-4.022,-0,-1,132.18,133.49,134.2,24.98,Cornering,"Hoosier 43075 16x7.5-10 R20, 7 inch rim",23154
79.4,796.012,-3.46,302.71,-139.62,0.012,-9.66,-20.81,0.04,0.0248,-2.168,12.03,96690.36,7.7,96.6,-4.051,-0,-0.9999,132.22,133.57,134.2,24.98,Cornering,"Hoosier 43075 16x7.5-10 R20, 7 inch rim",23155
79.42,796.022,-4.14,304.73,-138.74,0.007,-10.65,-19.83,-0.03,0.0298,-2.1963,12.15,-167000.47,7.7,96.55,-4.097,-0,-1,132.27,133.71,134.24,24.98,Cornering,"Hoosier 43075 16x7.5-10 R20, 7 inch rim",23156
79.38,796.032,-5.02,305.97,-139.44,0.006,-10.81,-19.41,-0.03,0.036,-2.1942,12.29,-166875.28,7.7,96.54,-4.137,-0,-1,132.31,133.88,134.32,24.97,Cornering,"Hoosier 43075 16x7.5-10 R20, 7 inch rim",23157
79.39,796.042,-5.53,307,-140.36,0.017,-11.66,-18.87,-0.09,0.0394,-2.1873,12.36,-44747.94,7.7,96.53,-4.181,-0,-1.0002,132.25,133.99,134.38,24.96,Cornering,"Hoosier 43075 16x7.5-10 R20, 7 inch rim",23158
79.41,796.052,-6.01,307.77,-141.74,0.013,-12.48,-19.32,-0.03,0.0424,-2.1714,12.39,-166778.66,7.7,96.51,-4.221,-0,-1,132.2,134.01,134.46,24.96,Cornering,"Hoosier 43075 16x7.5-10 R20, 7 inch rim",23159
79.4,796.062,-5.28,308.87,-143.73,0.007,-12.27,-19.22,-0.03,0.0367,-2.1489,12.35,-166810.16,7.7,96.47,-4.253,-0,-1,132.09,133.97,134.5,24.96,Cornering,"Hoosier 43075 16x7.5-10 R20, 7 inch rim",23160
79.37,796.072,-4.32,310.59,-144.44,-0,-12.49,-19.51,0.04,0.0299,-2.1503,12.25,96568.35,7.7,96.47,-4.297,-0,-0.9999,132.05,134.06,134.42,24.96,Cornering,"Hoosier 43075 16x7.5-10 R20, 7 inch rim",23161
79.39,796.082,-3.41,311.64,-144.52,0.01,-12.85,-19.83,-0.03,0.0236,-2.1565,12.11,-166751.11,7.7,96.47,-4.34,-0,-1,132.03,134.04,134.4,24.96,Cornering,"Hoosier 43075 16x7.5-10 R20, 7 inch rim",23162
79.41,796.092,-2.47,312.91,-144.01,0.007,-11.77,-19.97,0.11,0.0172,-2.1729,11.98,37431.65,7.7,96.49,-4.383,-0,-0.9998,132.03,134.08,134.38,24.96,Cornering,"Hoosier 43075 16x7.5-10 R20, 7 inch rim",23163
79.38,796.102,-2.4,313.71,-143.13,0.006,-10.5,-20.49,-0.09,0.0168,-2.1918,11.95,-44722.71,7.7,96.52,-4.419,-0,-1.0002,131.99,134.04,134.36,24.95,Cornering,"Hoosier 43075 16x7.5-10 R20, 7 inch rim",23164
79.38,796.112,-2.59,314.52,-141.84,-0.002,-9.81,-20.55,-0.03,0.0183,-2.2175,12,-166797.19,7.7,96.53,-4.472,-0,-1,131.84,134.04,134.34,24.97,Cornering,"Hoosier 43075 16x7.5-10 R20, 7 inch rim",23165
79.41,796.122,-3.15,316.06,-140.33,0.006,-9.68,-20.12,-0.03,0.0225,-2.2522,12.08,-166789.91,7.7,96.58,-4.502,-0,-1,131.82,134.08,134.3,24.97,Cornering,"Hoosier 43075 16x7.5-10 R20, 7 inch rim",23166
79.4,796.132,-3.7,317.29,-139.29,0.007,-10.86,-19.2,0.04,0.0265,-2.2779,12.23,96580.14,7.7,96.63,-4.536,-0,-0.9999,131.82,134.17,134.36,24.97,Cornering,"Hoosier 43075 16x7.5-10 R20, 7 inch rim",23167
79.38,796.142,-5.17,318.21,-140.28,0.006,-10.96,-19.1,0.04,0.0368,-2.2684,12.34,96553.45,7.7,96.7,-4.566,-0,-0.9999,131.9,134.32,134.48,24.97,Cornering,"Hoosier 43075 16x7.5-10 R20, 7 inch rim",23168
79.38,796.152,-6.39,319.11,-140.51,0.013,-12.22,-19.13,0.04,0.0455,-2.2711,12.4,96501.44,7.7,96.74,-4.616,-0,-0.9999,131.97,134.39,134.54,24.96,Cornering,"Hoosier 43075 16x7.5-10 R20, 7 inch rim",23169
79.41,796.162,-6.85,320.19,-142.27,0.012,-12.05,-19.05,0.04,0.0482,-2.2505,12.39,96495.64,7.7,96.76,-4.657,-0,-0.9999,131.94,134.41,134.58,24.96,Cornering,"Hoosier 43075 16x7.5-10 R20, 7 inch rim",23170
79.39,796.172,-6.8,321.28,-143.55,0.003,-12.8,-19.63,0.04,0.0474,-2.2381,12.33,96625.09,7.7,96.78,-4.691,-0,-0.9999,132.01,134.37,134.58,24.99,Cornering,"Hoosier 43075 16x7.5-10 R20, 7 inch rim",23171
79.37,796.182,-5.76,323.12,-145.15,0.01,-12.2,-19.53,0.04,0.0397,-2.226,12.2,96665.29,7.69,96.78,-4.722,-0,-0.9999,132.03,134.39,134.56,25,Cornering,"Hoosier 43075 16x7.5-10 R20, 7 inch rim",23172
79.41,796.192,-4.17,324.2,-145.72,0.01,-12.65,-19.23,0.04,0.0286,-2.2248,12.1,96747.71,7.69,96.77,-4.771,-0,-0.9999,132.16,134.37,134.54,25.03,Cornering,"Hoosier 43075 16x7.5-10 R20, 7 inch rim",23173
79.41,796.202,-3.19,324.37,-145.81,0.007,-11.82,-19.46,0.04,0.0219,-2.2247,12.03,96718.88,7.69,96.76,-4.814,-0,-0.9999,132.31,134.34,134.54,25.02,Cornering,"Hoosier 43075 16x7.5-10 R20, 7 inch rim",23174
79.37,796.212,-2.46,324.69,-144.25,0.012,-11.63,-19.49,-0.03,0.017,-2.2508,12,-167010.72,7.69,96.72,-4.854,-0,-1,132.37,134.37,134.62,25.01,Cornering,"Hoosier 43075 16x7.5-10 R20, 7 inch rim",23175
79.38,796.222,-2.3,325.21,-143.49,-0.003,-9.9,-19.41,0.04,0.016,-2.2665,12.06,96637.55,7.7,96.72,-4.907,-0,-0.9999,132.42,134.39,134.58,25,Cornering,"Hoosier 43075 16x7.5-10 R20, 7 inch rim",23176
79.41,796.232,-2.07,325.76,-141.06,0.022,-11.45,-18.53,-0.03,0.0147,-2.3094,12.17,-166681.17,7.69,96.68,-4.93,-0,-1,132.44,134.37,134.54,24.97,Cornering,"Hoosier 43075 16x7.5-10 R20, 7 inch rim",23177
79.39,796.242,-2.73,326.75,-141.33,0.004,-10.42,-17.9,0.18,0.0193,-2.312,12.28,23201.47,7.69,96.65,-4.982,-0,-0.9997,132.57,134.45,134.6,24.96,Cornering,"Hoosier 43075 16x7.5-10 R20, 7 inch rim",23178
79.37,796.252,-4.01,327.98,-140.63,0.007,-11.39,-17.75,0.11,0.0285,-2.3322,12.34,37386.67,7.69,96.63,-5.022,-0,-0.9998,132.67,134.61,134.64,24.95,Cornering,"Hoosier 43075 16x7.5-10 R20, 7 inch rim",23179
79.4,796.262,-4.77,328.76,-141.24,-0.002,-12.26,-17.12,-0.03,0.0338,-2.3277,12.38,-166531.33,7.69,96.57,-5.056,-0,-1,132.74,134.74,134.76,24.95,Cornering,"Hoosier 43075 16x7.5-10 R20, 7 inch rim",23180
79.41,796.272,-5.46,329.8,-142.08,0.012,-12.8,-16.92,-0.03,0.0384,-2.3212,12.33,-166443.84,7.69,96.51,-5.093,-0,-1,132.78,134.76,134.82,24.94,Cornering,"Hoosier 43075 16x7.5-10 R20, 7 inch rim",23181
79.38,796.282,-5.97,330.73,-144.25,0.006,-12.67,-17.59,0.04,0.0414,-2.2928,12.28,96333.25,7.69,96.47,-5.135,-0,-0.9999,132.76,134.78,134.88,24.93,Cornering,"Hoosier 43075 16x7.5-10 R20, 7 inch rim",23182
79.38,796.292,-5.52,332.3,-145.15,-0.002,-13.02,-17.88,0.04,0.038,-2.2893,12.16,96281.6,7.69,96.44,-5.178,-0,-0.9999,132.78,134.81,134.94,24.92,Cornering,"Hoosier 43075 16x7.5-10 R20, 7 inch rim",23183
79.41,796.302,-4.37,333.35,-146.31,0.007,-12.97,-17.74,0.04,0.0299,-2.2784,12.1,96230.59,7.69,96.46,-5.216,-0,-0.9999,132.82,134.83,134.94,24.91,Cornering,"Hoosier 43075 16x7.5-10 R20, 7 inch rim",23184
79.4,796.312,-2.92,333.19,-146.5,0.013,-12.47,-17.21,-0.03,0.02,-2.2742,12.09,-166205.67,7.69,96.47,-5.255,-0,-1,132.82,134.85,134.86,24.91,Cornering,"Hoosier 43075 16x7.5-10 R20, 7 inch rim",23185
79.38,796.322,-2.34,332.59,-145.8,0.01,-11.55,-17.4,0.04,0.016,-2.2812,12.16,96239.95,7.69,96.45,-5.297,-0,-0.9999,132.91,134.83,134.86,24.92,Cornering,"Hoosier 43075 16x7.5-10 R20, 7 inch rim",23186
79.39,796.332,-2.1,331.98,-144.58,0.01,-11.06,-17.43,0.04,0.0145,-2.2962,12.26,96254.34,7.69,96.43,-5.345,-0,-0.9999,132.95,134.78,134.9,24.92,Cornering,"Hoosier 43075 16x7.5-10 R20, 7 inch rim",23187
79.41,796.342,-2.42,332.28,-143.01,0.019,-11.06,-17.35,0.11,0.0169,-2.3235,12.34,37320.9,7.69,96.37,-5.38,-0,-0.9998,132.95,134.81,134.86,24.92,Cornering,"Hoosier 43075 16x7.5-10 R20, 7 inch rim",23188
79.38,796.352,-3.44,333.25,-141.67,0.006,-11.56,-17.41,-0.03,0.0242,-2.3523,12.39,-166313.83,7.69,96.32,-5.418,-0,-1,132.95,134.92,134.88,24.93,Cornering,"Hoosier 43075 16x7.5-10 R20, 7 inch rim",23189
79.38,796.362,-3.76,334.32,-141.37,0.009,-11.94,-16.22,0.04,0.0266,-2.3648,12.35,96324.5,7.69,96.32,-5.461,-0,-0.9999,133.06,135.03,135,24.94,Cornering,"Hoosier 43075 16x7.5-10 R20, 7 inch rim",23190
79.41,796.372,-4.99,335.4,-141.85,0.009,-12.19,-15.96,-0.03,0.0351,-2.3645,12.28,-166484.19,7.69,96.36,-5.497,-0,-1,133.19,135.2,135.17,24.96,Cornering,"Hoosier 43075 16x7.5-10 R20, 7 inch rim",23191
79.39,796.382,-5.42,336.02,-142.51,0.006,-12.73,-15.34,-0.03,0.0381,-2.3579,12.16,-166431.61,7.69,96.38,-5.544,-0,-1,133.23,135.29,135.29,24.96,Cornering,"Hoosier 43075 16x7.5-10 R20, 7 inch rim",23192
79.37,796.392,-5.82,337.24,-143.63,0.009,-13.1,-15.44,-0.03,0.0405,-2.348,12.04,-166418.42,7.69,96.43,-5.589,-0,-1,133.21,135.22,135.35,24.96,Cornering,"Hoosier 43075 16x7.5-10 R20, 7 inch rim",23193
79.39,796.402,-5.46,338.02,-145.25,0.001,-13.17,-15.73,0.11,0.0376,-2.3271,11.98,37348.45,7.69,96.46,-5.62,-0,-0.9998,133.23,135.22,135.35,24.95,Cornering,"Hoosier 43075 16x7.5-10 R20, 7 inch rim",23194
79.41,796.412,-4.31,338.77,-145.94,0.007,-13.86,-15.29,-0.03,0.0296,-2.3213,12,-166396.08,7.69,96.49,-5.663,-0,-1,133.21,135.22,135.29,24.96,Cornering,"Hoosier 43075 16x7.5-10 R20, 7 inch rim",23195
79.38,796.422,-3.4,338.64,-146.77,0.001,-13.08,-15.34,-0.03,0.0231,-2.3072,12.09,-166422.16,7.69,96.49,-5.705,-0,-1,133.3,135.25,135.06,24.96,Cornering,"Hoosier 43075 16x7.5-10 R20, 7 inch rim",23196
79.38,796.432,-2.59,337.9,-146.44,-0.007,-12.06,-15.29,0.04,0.0177,-2.3073,12.2,96432.07,7.69,96.52,-5.745,-0,-0.9999,133.38,135.2,134.86,24.98,Cornering,"Hoosier 43075 16x7.5-10 R20, 7 inch rim",23197
79.41,796.442,-2.28,336.34,-145.53,0.001,-11.6,-15.48,0.04,0.0157,-2.3112,12.33,96470.7,7.69,96.54,-5.779,-0,-0.9999,133.4,135.22,134.68,25,Cornering,"Hoosier 43075 16x7.5-10 R20, 7 inch rim",23198
79.41,796.452,-2.15,336.16,-143.58,0.01,-12.07,-15.19,-0.03,0.015,-2.3413,12.41,-166617.02,7.69,96.57,-5.825,-0,-1,133.4,135.25,134.5,25,Cornering,"Hoosier 43075 16x7.5-10 R20, 7 inch rim",23199
79.37,796.462,-2.42,337.27,-142.83,0.009,-11.15,-14.73,-0.03,0.0169,-2.3614,12.43,-166644.95,7.69,96.59,-5.859,-0,-1,133.38,135.29,134.34,25,Cornering,"Hoosier 43075 16x7.5-10 R20, 7 inch rim",23200
79.39,796.472,-3.17,338.69,-142.07,-0.002,-11.25,-14.42,-0.09,0.0223,-2.384,12.39,-44696,7.69,96.59,-5.898,-0,-1.0002,133.53,135.38,134.18,25,Cornering,"Hoosier 43075 16x7.5-10 R20, 7 inch rim",23201
79.41,796.482,-4.46,340.21,-142.35,0.009,-11.41,-14.24,-0.03,0.0313,-2.39,12.27,-166463.88,7.69,96.6,-5.944,-0,-1,133.64,135.55,134.22,24.98,Cornering,"Hoosier 43075 16x7.5-10 R20, 7 inch rim",23202
79.39,796.492,-5.37,341.44,-143.04,0.009,-11.62,-14.03,0.04,0.0375,-2.387,12.13,96320.41,7.69,96.63,-5.991,-0,-0.9999,133.73,135.69,134.2,24.97,Cornering,"Hoosier 43075 16x7.5-10 R20, 7 inch rim",23203
79.37,796.502,-5.89,342.22,-143.83,0.004,-12.46,-14.07,0.11,0.041,-2.3793,12.02,37355.55,7.69,96.66,-6.017,-0,-0.9998,133.7,135.75,134.18,24.97,Cornering,"Hoosier 43075 16x7.5-10 R20, 7 inch rim",23204
79.4,796.512,-5.6,343.59,-144.97,0.006,-13.55,-14.15,-0.03,0.0386,-2.37,12,-166350.52,7.68,96.67,-6.057,-0,-1,133.66,135.66,134.16,24.97,Cornering,"Hoosier 43075 16x7.5-10 R20, 7 inch rim",23205
79.41,796.522,-4.68,344.7,-147.02,-0.005,-12.46,-14.02,0.04,0.0318,-2.3446,12,96298.55,7.69,96.65,-6.108,-0,-0.9999,133.66,135.69,134.28,24.97,Cornering,"Hoosier 43075 16x7.5-10 R20, 7 inch rim",23206
79.38,796.532,-3.79,344.21,-147.61,0.004,-13.14,-14.23,-0.03,0.0257,-2.3319,12.13,-166285.45,7.69,96.62,-6.138,-0,-1,133.7,135.77,134.34,24.96,Cornering,"Hoosier 43075 16x7.5-10 R20, 7 inch rim",23207
79.38,796.542,-3.07,342.78,-146.77,0.016,-13.72,-14.44,0.04,0.0209,-2.3355,12.26,96241.12,7.68,96.63,-6.176,-0,-0.9999,133.75,135.75,134.46,24.96,Cornering,"Hoosier 43075 16x7.5-10 R20, 7 inch rim",23208
79.41,796.552,-1.98,340.93,-146.33,0.016,-12.81,-13.97,0.04,0.0135,-2.3298,12.36,96254.75,7.68,96.63,-6.222,-0,-0.9999,133.88,135.8,134.58,24.96,Cornering,"Hoosier 43075 16x7.5-10 R20, 7 inch rim",23209
79.39,796.562,-2.08,340.35,-144.95,0.006,-12.12,-14.22,0.04,0.0144,-2.348,12.41,96268.86,7.68,96.62,-6.264,-0,-0.9999,133.79,135.75,134.78,24.97,Cornering,"Hoosier 43075 16x7.5-10 R20, 7 inch rim",23210
79.37,796.572,-2.24,340.81,-143.43,0.012,-12.1,-14.02,-0.03,0.0156,-2.3762,12.4,-166270.16,7.68,96.61,-6.302,-0,-1,133.75,135.84,134.84,24.97,Cornering,"Hoosier 43075 16x7.5-10 R20, 7 inch rim",23211
79.4,796.582,-3.12,342.55,-142.49,0.004,-12.03,-13.93,0.04,0.0219,-2.4039,12.31,96255.28,7.68,96.62,-6.335,-0,-0.9999,133.79,135.93,135.04,24.97,Cornering,"Hoosier 43075 16x7.5-10 R20, 7 inch rim",23212
79.41,796.592,-4.16,343.94,-142.24,0.004,-12.2,-13.32,-0.03,0.0293,-2.418,12.17,-166242.22,7.68,96.6,-6.385,-0,-1,133.96,136.06,135.21,24.97,Cornering,"Hoosier 43075 16x7.5-10 R20, 7 inch rim",23213
79.38,796.602,-5.14,345.16,-142.59,0.007,-12.78,-12.9,-0.03,0.036,-2.4207,12.06,-166152.88,7.68,96.58,-6.421,-0,-1,134.05,136.21,135.47,24.96,Cornering,"Hoosier 43075 16x7.5-10 R20, 7 inch rim",23214
79.38,796.612,-6.19,345.9,-143.72,0.014,-13.04,-13.1,-0.03,0.0431,-2.4067,12,-166179.73,7.68,96.56,-6.455,-0,-1,134.13,136.26,135.59,24.96,Cornering,"Hoosier 43075 16x7.5-10 R20, 7 inch rim",23215
79.41,796.622,-6.06,346.53,-145.02,0.007,-13.58,-12.7,0.04,0.0418,-2.3896,12,96245.19,7.68,96.54,-6.499,-0,-0.9999,134.15,136.28,135.71,24.97,Cornering,"Hoosier 43075 16x7.5-10 R20, 7 inch rim",23216
79.39,796.632,-5.51,347.91,-146.44,0.01,-13.41,-12.61,0.04,0.0377,-2.3758,12.08,96283.27,7.68,96.53,-6.532,-0,-0.9999,134.13,136.26,135.81,24.98,Cornering,"Hoosier 43075 16x7.5-10 R20, 7 inch rim",23217
79.38,796.642,-4.91,348.08,-147.31,0.003,-13.27,-12.94,0.04,0.0334,-2.3629,12.19,96340.48,7.68,96.52,-6.581,-0,-0.9999,134.2,136.3,135.93,25,Cornering,"Hoosier 43075 16x7.5-10 R20, 7 inch rim",23218
79.4,796.652,-3.61,346.52,-147.57,0.007,-13.47,-12.54,0.04,0.0245,-2.3482,12.32,96376.44,7.68,96.5,-6.624,-0,-0.9999,134.26,136.35,135.99,25.01,Cornering,"Hoosier 43075 16x7.5-10 R20, 7 inch rim",23219
79.4,796.662,-2.33,344.66,-146.97,0.012,-12.81,-12.02,0.11,0.0158,-2.345,12.4,37367.62,7.68,96.47,-6.66,-0,-0.9998,134.26,136.37,136.07,25.01,Cornering,"Hoosier 43075 16x7.5-10 R20, 7 inch rim",23220
79.38,796.672,-1.9,343.4,-145.44,0.02,-12.73,-11.97,-0.03,0.013,-2.3612,12.41,-166481.17,7.68,96.46,-6.697,-0,-1,134.3,136.35,136.2,25.02,Cornering,"Hoosier 43075 16x7.5-10 R20, 7 inch rim",23221
79.38,796.682,-1.67,343.64,-144.26,-0.002,-11.75,-11.79,0.04,0.0116,-2.382,12.36,96396.12,7.68,96.43,-6.746,-0,-0.9999,134.22,136.39,136.26,25.03,Cornering,"Hoosier 43075 16x7.5-10 R20, 7 inch rim",23222
79.41,796.692,-2.32,344.58,-143.42,-0.002,-11.43,-11.72,-0.03,0.0161,-2.4026,12.27,-166493.14,7.68,96.43,-6.771,-0,-1,134.33,136.35,136.28,25.03,Cornering,"Hoosier 43075 16x7.5-10 R20, 7 inch rim",23223
79.4,796.702,-2.67,345.79,-142.54,0.004,-12.64,-10.74,0.11,0.0187,-2.4259,12.13,37363.65,7.68,96.45,-6.817,-0,-0.9998,134.52,136.48,136.4,25.02,Cornering,"Hoosier 43075 16x7.5-10 R20, 7 inch rim",23224
79.38,796.712,-4.24,347.51,-143.34,-0,-11.83,-10.99,0.11,0.0296,-2.4244,12.02,37334.54,7.68,96.45,-6.856,-0,-0.9998,134.67,136.59,136.64,25,Cornering,"Hoosier 43075 16x7.5-10 R20, 7 inch rim",23225
79.39,796.722,-4.93,348.11,-144.28,0.003,-12.15,-10.51,-0.03,0.0341,-2.4127,11.98,-166178.69,7.68,96.46,-6.894,-0,-1,134.78,136.72,136.8,24.98,Cornering,"Hoosier 43075 16x7.5-10 R20, 7 inch rim",23226
79.41,796.732,-5.63,348.88,-144.93,-0,-13.27,-10.89,-0.03,0.0388,-2.4073,12.01,-165971.81,7.68,96.48,-6.933,-0,-1,134.78,136.72,136.88,24.96,Cornering,"Hoosier 43075 16x7.5-10 R20, 7 inch rim",23227
79.38,796.742,-5.33,349.94,-145.86,0.004,-13.82,-10.95,-0.03,0.0366,-2.3991,12.11,-166029.42,7.68,96.44,-6.986,-0,-1,134.88,136.68,136.92,24.97,Cornering,"Hoosier 43075 16x7.5-10 R20, 7 inch rim",23228
79.38,796.752,-4.33,350.55,-146.94,0.009,-13.74,-10.95,0.04,0.0295,-2.3857,12.23,96049.84,7.68,96.41,-7.012,-0,-0.9999,134.91,136.65,136.98,24.95,Cornering,"Hoosier 43075 16x7.5-10 R20, 7 inch rim",23229
79.41,796.762,-3.65,349.94,-147.27,0.004,-13.84,-11.46,-0.03,0.0248,-2.3761,12.33,-165965.41,7.68,96.38,-7.055,-0,-1,134.95,136.68,137.04,24.96,Cornering,"Hoosier 43075 16x7.5-10 R20, 7 inch rim",23230
79.4,796.772,-2.96,348.08,-147.08,0.006,-13.16,-11.6,-0.03,0.0201,-2.3667,12.38,-165873.36,7.68,96.35,-7.095,-0,-1,135.03,136.72,137.09,24.95,Cornering,"Hoosier 43075 16x7.5-10 R20, 7 inch rim",23231
79.38,796.782,-2.49,346.56,-146.3,0.003,-12.04,-11.69,0.11,0.017,-2.3687,12.34,37206.59,7.68,96.35,-7.146,-0,-0.9998,135.16,136.81,137.19,24.93,Cornering,"Hoosier 43075 16x7.5-10 R20, 7 inch rim",23232
79.38,796.792,-2.16,345.8,-145.09,0.001,-11.73,-11.39,-0.03,0.0149,-2.3833,12.26,-165650.02,7.68,96.35,-7.177,-0,-1,135.16,136.72,137.21,24.92,Cornering,"Hoosier 43075 16x7.5-10 R20, 7 inch rim",23233
79.41,796.802,-2.36,346.55,-143.46,0.012,-11.85,-11.08,0.11,0.0165,-2.4157,12.15,37175.41,7.68,96.32,-7.208,-0,-0.9998,135.23,136.85,137.23,24.92,Cornering,"Hoosier 43075 16x7.5-10 R20, 7 inch rim",23234
79.39,796.812,-2.93,348.25,-142.75,0.014,-11.64,-10.36,0.11,0.0206,-2.4395,12.06,37188.18,7.68,96.31,-7.261,-0,-0.9998,135.42,136.9,137.31,24.93,Cornering,"Hoosier 43075 16x7.5-10 R20, 7 inch rim",23235
79.38,796.822,-4.32,349.48,-142.66,0.014,-12.65,-10.25,-0.03,0.0302,-2.4497,12.03,-165714.78,7.68,96.27,-7.31,-0,-1,135.57,136.96,137.47,24.94,Cornering,"Hoosier 43075 16x7.5-10 R20, 7 inch rim",23236
79.4,796.832,-5.17,350.43,-143.2,0.004,-12.92,-9.64,0.04,0.0361,-2.4471,12.06,96044.91,7.68,96.24,-7.34,-0,-0.9999,135.66,137.03,137.69,24.97,Cornering,"Hoosier 43075 16x7.5-10 R20, 7 inch rim",23237
79.41,796.842,-5.6,350.71,-144.31,0.012,-13.53,-9.29,0.04,0.0388,-2.4302,12.16,96036.55,7.68,96.24,-7.377,-0,-0.9999,135.76,137.1,137.73,24.97,Cornering,"Hoosier 43075 16x7.5-10 R20, 7 inch rim",23238
79.37,796.852,-5.83,351.95,-145.65,0.006,-13.7,-9.6,0.04,0.04,-2.4164,12.28,96026.2,7.68,96.25,-7.423,-0,-0.9999,135.72,137.16,137.77,24.97,Cornering,"Hoosier 43075 16x7.5-10 R20, 7 inch rim",23239
79.38,796.862,-5.41,353.15,-146.45,0.019,-13.85,-9.7,-0.03,0.0369,-2.4114,12.36,-165731.64,7.68,96.23,-7.464,-0,-1,135.66,137.07,137.83,24.95,Cornering,"Hoosier 43075 16x7.5-10 R20, 7 inch rim",23240
79.41,796.872,-4.03,353.22,-147.16,-0.006,-13.35,-9.41,0.04,0.0274,-2.4003,12.4,95873.57,7.68,96.18,-7.506,-0,-0.9999,135.72,137.1,137.83,24.93,Cornering,"Hoosier 43075 16x7.5-10 R20, 7 inch rim",23241
79.39,796.882,-3.33,351.79,-147.67,0.009,-12.35,-9.82,0.04,0.0226,-2.3824,12.35,95955.83,7.68,96.15,-7.536,-0,-0.9999,135.7,137.18,137.83,24.96,Cornering,"Hoosier 43075 16x7.5-10 R20, 7 inch rim",23242
79.37,796.892,-2.48,349.81,-146.53,0.001,-12.43,-9.85,0.04,0.0169,-2.3873,12.25,96012.12,7.68,96.12,-7.582,-0,-0.9999,135.76,137.25,137.85,24.97,Cornering,"Hoosier 43075 16x7.5-10 R20, 7 inch rim",23243
79.4,796.902,-2.05,348.56,-145.29,0.009,-11.89,-9.81,0.11,0.0141,-2.399,12.15,37286.07,7.68,96.1,-7.622,-0,-0.9998,135.76,137.29,137.91,25.01,Cornering,"Hoosier 43075 16x7.5-10 R20, 7 inch rim",23244
79.41,796.912,-1.8,348.59,-143.79,0.001,-11.9,-9.36,0.11,0.0125,-2.4243,12.03,37308.62,7.68,96.11,-7.659,-0,-0.9998,135.79,137.32,137.99,25.03,Cornering,"Hoosier 43075 16x7.5-10 R20, 7 inch rim",23245
79.38,796.922,-2.36,349.66,-143.08,0.007,-12.26,-8.94,0.04,0.0165,-2.4439,11.99,96230.17,7.68,96.13,-7.698,-0,-0.9999,135.85,137.45,138.14,25.04,Cornering,"Hoosier 43075 16x7.5-10 R20, 7 inch rim",23246
79.38,796.932,-3.77,351.2,-142.5,0.012,-12.68,-9.02,-0.16,0.0265,-2.4645,12.03,-25731.05,7.68,96.16,-7.742,-0,-1.0003,136.13,137.51,138.26,25.02,Cornering,"Hoosier 43075 16x7.5-10 R20, 7 inch rim",23247
79.41,796.942,-4.8,352.31,-143.2,-0,-12.7,-8.76,-0.03,0.0335,-2.4602,12.13,-165916.06,7.68,96.14,-7.772,-0,-1,136.28,137.62,138.52,25,Cornering,"Hoosier 43075 16x7.5-10 R20, 7 inch rim",23248
79.4,796.952,-5.67,352.74,-143.84,0.007,-13.62,-8.62,-0.03,0.0394,-2.4524,12.25,-165857.61,7.68,96.15,-7.821,-0,-1,136.39,137.76,138.7,24.99,Cornering,"Hoosier 43075 16x7.5-10 R20, 7 inch rim",23249
79.37,796.962,-5.94,353.97,-145.01,0.01,-13.38,-8.79,0.04,0.041,-2.441,12.38,96011.54,7.68,96.2,-7.868,-0,-0.9999,136.43,137.8,138.76,24.99,Cornering,"Hoosier 43075 16x7.5-10 R20, 7 inch rim",23250
79.39,796.972,-5.31,355.69,-146.27,0.004,-12.72,-8.71,-0.09,0.0363,-2.4317,12.45,-44478.37,7.68,96.25,-7.908,-0,-1.0002,136.45,137.84,138.8,24.98,Cornering,"Hoosier 43075 16x7.5-10 R20, 7 inch rim",23251
79.41,796.982,-4.55,355.85,-147.37,-0,-12.82,-8.9,0.04,0.0309,-2.4146,12.42,95928.21,7.68,96.3,-7.937,-0,-0.9999,136.47,137.84,138.82,24.97,Cornering,"Hoosier 43075 16x7.5-10 R20, 7 inch rim",23252
79.38,796.992,-3.46,354.73,-146.86,0.012,-13.76,-9.04,-0.03,0.0236,-2.4155,12.33,-165634.75,7.67,96.33,-7.987,-0,-1,136.49,137.89,138.84,24.97,Cornering,"Hoosier 43075 16x7.5-10 R20, 7 inch rim",23253
79.37,797.002,-2.42,352.58,-147.27,0.006,-12.27,-9.03,-0.03,0.0164,-2.3942,12.22,-165739.27,7.68,96.36,-8.013,-0,-1,136.6,137.95,138.86,24.98,Cornering,"Hoosier 43075 16x7.5-10 R20, 7 inch rim",23254
79.41,797.012,-2.16,350.58,-146.09,0.003,-12.39,-9.37,-0.03,0.0148,-2.3997,12.07,-165718.09,7.68,96.39,-8.063,-0,-1,136.66,137.98,138.94,24.98,Cornering,"Hoosier 43075 16x7.5-10 R20, 7 inch rim",23255
79.41,797.022,-1.93,349.93,-144.39,0.016,-12.87,-9.05,-0.03,0.0134,-2.4235,11.98,-165777.33,7.67,96.41,-8.104,-0,-1,136.73,137.95,138.94,25,Cornering,"Hoosier 43075 16x7.5-10 R20, 7 inch rim",23256
79.37,797.032,-2.54,350.9,-143.87,0.007,-11.99,-9.1,0.04,0.0176,-2.439,11.96,95878.5,7.67,96.42,-8.14,-0,-0.9999,136.75,138.02,139.09,24.97,Cornering,"Hoosier 43075 16x7.5-10 R20, 7 inch rim",23257
79.39,797.042,-3.11,352.32,-143.55,-0.003,-12.25,-8.44,-0.03,0.0217,-2.4544,12.02,-165511.8,7.68,96.45,-8.186,-0,-1,136.97,138.15,139.15,24.96,Cornering,"Hoosier 43075 16x7.5-10 R20, 7 inch rim",23258
79.41,797.052,-4.18,354.02,-143.34,-0.002,-12.39,-8.04,-0.09,0.0292,-2.4698,12.14,-44391,7.68,96.45,-8.223,-0,-1.0002,137.24,138.28,139.33,24.96,Cornering,"Hoosier 43075 16x7.5-10 R20, 7 inch rim",23259
79.39,797.062,-5.24,354.9,-143.57,0.012,-13.08,-7.91,0.18,0.0365,-2.4719,12.27,23046.83,7.67,96.47,-8.26,-0,-0.9997,137.42,138.37,139.53,24.97,Cornering,"Hoosier 43075 16x7.5-10 R20, 7 inch rim",23260
79.38,797.072,-5.8,355.81,-143.9,0.016,-13.83,-7.81,0.04,0.0403,-2.4727,12.35,95903.72,7.67,96.5,-8.306,-0,-0.9999,137.42,138.44,139.67,24.99,Cornering,"Hoosier 43075 16x7.5-10 R20, 7 inch rim",23261
79.4,797.082,-5.85,357.22,-144.66,0.012,-13.85,-8.08,0.11,0.0404,-2.4693,12.37,37191.28,7.67,96.5,-8.352,-0,-0.9998,137.44,138.37,139.67,25,Cornering,"Hoosier 43075 16x7.5-10 R20, 7 inch rim",23262
79.4,797.092,-4.7,357.52,-146.16,0.012,-14.11,-7.65,0.04,0.0321,-2.446,12.33,95862.97,7.67,96.49,-8.379,-0,-0.9999,137.46,138.33,139.67,24.98,Cornering,"Hoosier 43075 16x7.5-10 R20, 7 inch rim",23263
79.37,797.102,-3.93,356.92,-146.89,0.001,-13.97,-7.85,-0.03,0.0268,-2.4299,12.24,-165330.83,7.68,96.46,-8.425,-0,-1,137.52,138.37,139.71,24.95,Cornering,"Hoosier 43075 16x7.5-10 R20, 7 inch rim",23264
79.39,797.112,-2.8,355.08,-147.54,-0.003,-13.35,-7.82,-0.03,0.019,-2.4066,12.12,-165313.09,7.68,96.41,-8.465,-0,-1,137.61,138.48,139.75,24.95,Cornering,"Hoosier 43075 16x7.5-10 R20, 7 inch rim",23265
79.41,797.122,-2.29,352.56,-146.73,0.01,-13.54,-7.94,0.04,0.0156,-2.4028,12.05,95698.38,7.67,96.41,-8.501,-0,-0.9999,137.69,138.53,139.85,24.95,Cornering,"Hoosier 43075 16x7.5-10 R20, 7 inch rim",23266
79.39,797.132,-1.99,351.67,-145.38,0.001,-13.31,-7.89,-0.03,0.0137,-2.419,12.04,-165434.17,7.67,96.39,-8.538,-0,-1,137.84,138.48,139.97,24.97,Cornering,"Hoosier 43075 16x7.5-10 R20, 7 inch rim",23267
79.37,797.142,-2.4,352,-144.46,-0.002,-12.33,-7.87,0.04,0.0166,-2.4366,12.08,95919.88,7.68,96.36,-8.59,-0,-0.9999,137.93,138.53,140.08,25.01,Cornering,"Hoosier 43075 16x7.5-10 R20, 7 inch rim",23268
79.4,797.152,-2.9,353.56,-143.62,-0.002,-12.33,-7.36,-0.03,0.0202,-2.4618,12.21,-165811.95,7.68,96.35,-8.637,-0,-1,138.08,138.66,140.18,25.04,Cornering,"Hoosier 43075 16x7.5-10 R20, 7 inch rim",23269
79.41,797.162,-3.63,355.53,-143.45,0.014,-12.06,-6.73,0.04,0.0253,-2.4783,12.34,96012.98,7.67,96.31,-8.659,-0,-0.9999,138.38,138.83,140.36,25.04,Cornering,"Hoosier 43075 16x7.5-10 R20, 7 inch rim",23270
79.38,797.172,-4.75,356.64,-143.2,0.003,-12.87,-6.82,-0.03,0.0332,-2.4905,12.41,-165741.64,7.67,96.29,-8.707,-0,-1,138.6,138.97,140.48,25.03,Cornering,"Hoosier 43075 16x7.5-10 R20, 7 inch rim",23271
79.39,797.182,-5.59,357.7,-144.21,0.009,-13.14,-6.78,-0.03,0.0388,-2.4804,12.41,-165612.08,7.67,96.3,-8.739,-0,-1,138.7,139.12,140.68,25.01,Cornering,"Hoosier 43075 16x7.5-10 R20, 7 inch rim",23272
79.41,797.192,-5.48,358.77,-145.25,0.012,-13.3,-6.87,-0.03,0.0378,-2.47,12.37,-165518.23,7.67,96.3,-8.776,-0,-1,138.77,139.19,140.7,25,Cornering,"Hoosier 43075 16x7.5-10 R20, 7 inch rim",23273
79.39,797.202,-4.97,359.87,-146.44,0.003,-13.56,-7.04,-0.03,0.0339,-2.4575,12.27,-165343.64,7.67,96.27,-8.822,-0,-1,138.85,139.19,140.7,24.98,Cornering,"Hoosier 43075 16x7.5-10 R20, 7 inch rim",23274
79.37,797.212,-4.02,359.68,-146.9,0.013,-14.34,-7.13,0.11,0.0274,-2.4484,12.16,37114.69,7.67,96.28,-8.853,-0,-0.9998,138.92,139.19,140.68,24.98,Cornering,"Hoosier 43075 16x7.5-10 R20, 7 inch rim",23275
79.4,797.222,-3.14,357.84,-147.6,0.006,-13.83,-7.27,0.11,0.0213,-2.4243,12.1,37092.24,7.67,96.28,-8.903,-0,-0.9998,139,139.21,140.68,24.97,Cornering,"Hoosier 43075 16x7.5-10 R20, 7 inch rim",23276
79.4,797.232,-2.25,355.34,-147.06,0.014,-13.3,-7.33,-0.03,0.0153,-2.4162,12.12,-165172.66,7.67,96.31,-8.942,-0,-1,139.05,139.32,140.7,24.96,Cornering,"Hoosier 43075 16x7.5-10 R20, 7 inch rim",23277
79.37,797.242,-2.26,353.38,-146.03,0.001,-12.84,-8.08,-0.03,0.0155,-2.4199,12.18,-165077.84,7.67,96.33,-8.981,-0,-1,139.18,139.32,140.72,24.95,Cornering,"Hoosier 43075 16x7.5-10 R20, 7 inch rim",23278
79.38,797.252,-1.91,352.74,-145.07,0.012,-12.21,-7.53,0.04,0.0132,-2.4315,12.29,95516.07,7.67,96.34,-9.021,-0,-0.9999,139.18,139.34,140.8,24.94,Cornering,"Hoosier 43075 16x7.5-10 R20, 7 inch rim",23279
79.41,797.262,-2.49,353.85,-143.74,0.007,-12.02,-7.35,-0.03,0.0173,-2.4618,12.38,-165004.42,7.67,96.35,-9.055,-0,-1,139.28,139.36,140.82,24.94,Cornering,"Hoosier 43075 16x7.5-10 R20, 7 inch rim",23280
79.4,797.272,-3.37,355.23,-143.44,0.01,-12.1,-6.9,0.11,0.0235,-2.4766,12.41,37020.48,7.67,96.35,-9.094,-0,-0.9998,139.52,139.56,140.94,24.93,Cornering,"Hoosier 43075 16x7.5-10 R20, 7 inch rim",23281
79.37,797.282,-4.57,356.62,-143.53,0.01,-12.1,-6.75,-0.09,0.0318,-2.4846,12.38,-44227.86,7.67,96.37,-9.14,-0,-1.0002,139.8,139.65,141.13,24.93,Cornering,"Hoosier 43075 16x7.5-10 R20, 7 inch rim",23282
79.39,797.292,-5.41,357.57,-143.96,0.001,-12.77,-6.45,0.04,0.0376,-2.4838,12.29,95449.77,7.67,96.36,-9.181,-0,-0.9999,139.93,139.76,141.31,24.93,Cornering,"Hoosier 43075 16x7.5-10 R20, 7 inch rim",23283
79.41,797.302,-6.12,358.32,-145.02,0.006,-13.4,-6.81,0.04,0.0422,-2.4709,12.18,95438.62,7.67,96.34,-9.221,-0,-0.9999,140.01,139.85,141.41,24.93,Cornering,"Hoosier 43075 16x7.5-10 R20, 7 inch rim",23284
79.38,797.312,-5.64,359.55,-146,0.006,-13.95,-6.53,0.11,0.0386,-2.4627,12.08,37011.08,7.67,96.34,-9.261,-0,-0.9998,140.03,139.89,141.43,24.94,Cornering,"Hoosier 43075 16x7.5-10 R20, 7 inch rim",23285
79.37,797.322,-4.59,360.14,-147.17,0.012,-14.32,-6.1,-0.09,0.0312,-2.4471,12.06,-44259.31,7.67,96.33,-9.294,-0,-1.0002,140.1,139.89,141.45,24.96,Cornering,"Hoosier 43075 16x7.5-10 R20, 7 inch rim",23286
79.41,797.332,-3.88,359.08,-148.16,0.001,-14.11,-6.41,-0.09,0.0262,-2.4236,12.11,-44231.46,7.67,96.34,-9.35,-0,-1.0002,140.16,139.93,141.49,24.94,Cornering,"Hoosier 43075 16x7.5-10 R20, 7 inch rim",23287
79.4,797.342,-3.24,356.94,-148.69,-0.006,-13.18,-6.69,-0.03,0.0218,-2.4006,12.19,-164732.42,7.67,96.36,-9.382,-0,-1,140.23,140,141.55,24.93,Cornering,"Hoosier 43075 16x7.5-10 R20, 7 inch rim",23288
79.37,797.352,-2.73,354.72,-147.51,0.014,-13.51,-6.79,-0.03,0.0185,-2.4047,12.32,-164709.25,7.67,96.36,-9.429,-0,-1,140.38,140.09,141.59,24.93,Cornering,"Hoosier 43075 16x7.5-10 R20, 7 inch rim",23289
79.39,797.362,-2.21,353.94,-146.15,0.019,-12.73,-6.43,0.04,0.0151,-2.4218,12.41,95439.34,7.67,96.38,-9.455,-0,-0.9999,140.44,140.09,141.69,24.95,Cornering,"Hoosier 43075 16x7.5-10 R20, 7 inch rim",23290
79.41,797.372,-2.25,354.46,-144.59,0.004,-12.56,-6.07,-0.03,0.0156,-2.4515,12.43,-164938.44,7.67,96.38,-9.508,-0,-1,140.51,140.2,141.75,24.97,Cornering,"Hoosier 43075 16x7.5-10 R20, 7 inch rim",23291
79.38,797.382,-2.88,356.03,-143.74,-0,-12.36,-5.81,0.04,0.02,-2.4769,12.39,95589.96,7.67,96.38,-9.548,-0,-0.9999,140.76,140.31,141.87,25,Cornering,"Hoosier 43075 16x7.5-10 R20, 7 inch rim",23292
79.37,797.392,-3.64,357.25,-143.82,0.004,-12.54,-5.13,-0.03,0.0253,-2.4841,12.31,-165210.47,7.67,96.4,-9.576,-0,-1,141.08,140.48,142.06,25.01,Cornering,"Hoosier 43075 16x7.5-10 R20, 7 inch rim",23293
79.4,797.402,-4.54,358.18,-144.17,0.003,-13.18,-4.92,-0.03,0.0315,-2.4844,12.17,-165147.05,7.67,96.4,-9.626,-0,-1,141.32,140.55,142.22,25.01,Cornering,"Hoosier 43075 16x7.5-10 R20, 7 inch rim",23294
79.4,797.412,-5.47,358.93,-145.03,0.007,-13.85,-5.21,0.04,0.0377,-2.4748,12.06,95510.71,7.67,96.41,-9.668,-0,-0.9999,141.43,140.68,142.44,24.98,Cornering,"Hoosier 43075 16x7.5-10 R20, 7 inch rim",23295
79.37,797.422,-5.46,360.14,-146.04,0.012,-14.68,-5.33,0.04,0.0374,-2.466,12.03,95432.51,7.67,96.43,-9.708,-0,-0.9999,141.45,140.75,142.54,24.97,Cornering,"Hoosier 43075 16x7.5-10 R20, 7 inch rim",23296
79.39,797.432,-4.78,361.56,-147.42,0.006,-13.87,-5.34,0.04,0.0324,-2.4526,12.04,95311.23,7.67,96.41,-9.744,-0,-0.9999,141.47,140.79,142.58,24.94,Cornering,"Hoosier 43075 16x7.5-10 R20, 7 inch rim",23297
79.41,797.442,-4.21,361.42,-148.17,-0.005,-14.28,-5.9,-0.03,0.0284,-2.4392,12.14,-164641.98,7.67,96.4,-9.793,-0,-1,141.51,140.79,142.58,24.94,Cornering,"Hoosier 43075 16x7.5-10 R20, 7 inch rim",23298
79.39,797.452,-2.92,359.69,-148.6,0.007,-13.97,-5.68,-0.03,0.0197,-2.4206,12.28,-164621.5,7.67,96.35,-9.833,-0,-1,141.51,140.82,142.64,24.94,Cornering,"Hoosier 43075 16x7.5-10 R20, 7 inch rim",23299
79.38,797.462,-2.28,357.23,-148.27,0.003,-13.06,-5.94,0.04,0.0154,-2.4093,12.39,95297.83,7.67,96.34,-9.864,-0,-0.9999,141.58,140.88,142.62,24.94,Cornering,"Hoosier 43075 16x7.5-10 R20, 7 inch rim",23300
79.4,797.472,-2.33,355.21,-147.26,0.007,-12.48,-6.53,0.11,0.0158,-2.4121,12.43,36939.17,7.67,96.34,-9.903,-0,-0.9998,141.69,140.97,142.7,24.94,Cornering,"Hoosier 43075 16x7.5-10 R20, 7 inch rim",23301
79.41,797.482,-2.32,354.27,-145.31,0.016,-12.91,-6.15,0.11,0.016,-2.438,12.4,36917.36,7.67,96.37,-9.943,-0,-0.9998,141.66,141.04,142.74,24.93,Cornering,"Hoosier 43075 16x7.5-10 R20, 7 inch rim",23302
79.38,797.492,-2.67,354.44,-144.66,0.013,-12.43,-5.7,0.04,0.0185,-2.4501,12.33,95219.31,7.67,96.37,-9.979,-0,-0.9999,141.77,141.1,142.91,24.93,Cornering,"Hoosier 43075 16x7.5-10 R20, 7 inch rim",23303
79.38,797.502,-3.43,355.24,-144.27,0.001,-12.99,-5.07,0.04,0.0238,-2.4624,12.19,95297.07,7.67,96.38,-10.014,-0,-0.9999,142.05,141.37,143.07,24.96,Cornering,"Hoosier 43075 16x7.5-10 R20, 7 inch rim",23304
79.41,797.512,-4.87,356.45,-144.33,0.012,-13.36,-5.03,-0.03,0.0337,-2.4697,12.08,-164690.25,7.67,96.36,-10.069,-0,-1,142.24,141.5,143.25,24.97,Cornering,"Hoosier 43075 16x7.5-10 R20, 7 inch rim",23305
79.39,797.522,-5.99,357.71,-145.13,-0.002,-13.53,-5.13,0.04,0.0413,-2.4648,12.03,95338.72,7.67,96.38,-10.096,-0,-0.9999,142.37,141.54,143.49,24.97,Cornering,"Hoosier 43075 16x7.5-10 R20, 7 inch rim",23306
79.37,797.532,-6.39,358.94,-145.52,-0.002,-14.86,-5.24,0.04,0.0439,-2.4666,12.03,95280.05,7.67,96.39,-10.143,-0,-0.9999,142.39,141.63,143.61,24.96,Cornering,"Hoosier 43075 16x7.5-10 R20, 7 inch rim",23307
79.39,797.542,-6.26,361.24,-146.74,0.007,-13.98,-5.42,-0.03,0.0427,-2.4617,12.14,-164630.61,7.67,96.38,-10.182,-0,-1,142.41,141.65,143.63,24.97,Cornering,"Hoosier 43075 16x7.5-10 R20, 7 inch rim",23308
79.41,797.552,-5.2,361.56,-147.58,0.001,-14.46,-5.35,-0.03,0.0352,-2.4499,12.25,-164682.67,7.67,96.39,-10.228,-0,-1,142.48,141.67,143.67,24.98,Cornering,"Hoosier 43075 16x7.5-10 R20, 7 inch rim",23309
79.38,797.562,-4.08,360.3,-148.66,0.007,-13.75,-5.29,0.04,0.0274,-2.4237,12.39,95399.66,7.67,96.35,-10.258,-0,-0.9999,142.57,141.65,143.73,25,Cornering,"Hoosier 43075 16x7.5-10 R20, 7 inch rim",23310
79.38,797.572,-2.81,357.67,-148.58,0.007,-13.39,-5.31,-0.03,0.0189,-2.4072,12.44,-164796.42,7.67,96.35,-10.301,-0,-1,142.61,141.67,143.75,25.01,Cornering,"Hoosier 43075 16x7.5-10 R20, 7 inch rim",23311
79.41,797.582,-2.04,354.75,-147.91,0.003,-13.1,-5.33,-0.09,0.0138,-2.3984,12.45,-44197.64,7.67,96.31,-10.341,-0,-1.0002,142.74,141.65,143.79,25,Cornering,"Hoosier 43075 16x7.5-10 R20, 7 inch rim",23312
79.39,797.592,-1.67,353.37,-146.7,-0,-12.48,-5.13,0.04,0.0114,-2.4088,12.38,95227.8,7.67,96.24,-10.384,-0,-0.9999,142.8,141.65,143.9,24.97,Cornering,"Hoosier 43075 16x7.5-10 R20, 7 inch rim",23313
79.37,797.602,-1.68,352.86,-145.53,0.017,-12.83,-4.42,-0.03,0.0115,-2.4247,12.25,-164383.2,7.67,96.17,-10.43,-0,-1,142.91,141.72,143.98,24.96,Cornering,"Hoosier 43075 16x7.5-10 R20, 7 inch rim",23314
79.39,797.612,-2.58,353.67,-144.53,0.007,-13.34,-4.23,-0.03,0.0178,-2.447,12.1,-164366.88,7.67,96.1,-10.46,-0,-1,143.14,141.83,144.16,24.96,Cornering,"Hoosier 43075 16x7.5-10 R20, 7 inch rim",23315
79.41,797.622,-3.52,354.9,-144.29,0.009,-13.8,-3.6,-0.03,0.0244,-2.4596,11.98,-164499.3,7.67,96.05,-10.497,-0,-1,143.51,142,144.3,24.98,Cornering,"Hoosier 43075 16x7.5-10 R20, 7 inch rim",23316
79.38,797.632,-4.62,356.31,-144.95,0.001,-13.35,-3.45,0.04,0.0319,-2.4583,11.92,95312.57,7.67,95.99,-10.536,-0,-0.9999,143.77,142.18,144.48,25,Cornering,"Hoosier 43075 16x7.5-10 R20, 7 inch rim",23317
79.38,797.642,-5.43,357.84,-145.67,0.006,-13.55,-3.52,0.04,0.0373,-2.4565,11.94,95324.2,7.67,95.93,-10.569,-0,-0.9999,143.94,142.36,144.66,25.01,Cornering,"Hoosier 43075 16x7.5-10 R20, 7 inch rim",23318
79.41,797.652,-5.46,359.54,-146.35,0.007,-14.02,-3.55,0.04,0.0373,-2.4567,12.03,95282.43,7.67,95.92,-10.63,-0,-0.9999,143.98,142.44,144.74,25,Cornering,"Hoosier 43075 16x7.5-10 R20, 7 inch rim",23319
79.41,797.662,-5.36,360.29,-147.46,0.013,-14.04,-4.15,0.04,0.0364,-2.4433,12.18,95229.53,7.67,95.91,-10.657,-0,-0.9999,144.07,142.58,144.74,24.99,Cornering,"Hoosier 43075 16x7.5-10 R20, 7 inch rim",23320
79.37,797.672,-4.26,360.02,-148.3,-0.002,-13.96,-4.2,-0.03,0.0287,-2.4276,12.3,-164348.3,7.67,95.88,-10.702,-0,-1,144.09,142.62,144.82,24.97,Cornering,"Hoosier 43075 16x7.5-10 R20, 7 inch rim",23321
79.39,797.682,-3.27,357.68,-149.03,0.003,-13.57,-4.58,-0.03,0.022,-2.4,12.37,-164213.92,7.67,95.89,-10.738,-0,-1,144.11,142.66,144.91,24.96,Cornering,"Hoosier 43075 16x7.5-10 R20, 7 inch rim",23322
79.41,797.692,-2.5,354.9,-148,0.001,-14.18,-4.92,0.04,0.0169,-2.398,12.39,95059.65,7.67,95.91,-10.773,-0,-0.9999,144.28,142.77,145.01,24.96,Cornering,"Hoosier 43075 16x7.5-10 R20, 7 inch rim",23323
79.38,797.702,-2.39,352.54,-147.55,0.014,-13.35,-5.33,-0.03,0.0162,-2.3893,12.33,-164207.19,7.67,95.9,-10.818,-0,-1,144.43,142.84,145.07,24.96,Cornering,"Hoosier 43075 16x7.5-10 R20, 7 inch rim",23324
79.38,797.712,-2.29,351.97,-146.41,0.001,-12.73,-5.02,0.04,0.0156,-2.404,12.19,95054.26,7.67,95.93,-10.858,-0,-0.9999,144.52,142.93,145.15,24.96,Cornering,"Hoosier 43075 16x7.5-10 R20, 7 inch rim",23325
79.4,797.722,-2.8,352.11,-145.4,0.01,-12.79,-4.67,-0.03,0.0193,-2.4216,12.06,-164165.22,7.67,95.94,-10.892,-0,-1,144.62,143.04,145.27,24.96,Cornering,"Hoosier 43075 16x7.5-10 R20, 7 inch rim",23326
79.4,797.732,-3.86,353.22,-144.87,0.001,-12.61,-4.3,-0.03,0.0267,-2.4382,11.95,-164104.39,7.67,95.92,-10.932,-0,-1,144.99,143.37,145.39,24.96,Cornering,"Hoosier 43075 16x7.5-10 R20, 7 inch rim",23327
79.38,797.742,-4.88,354.58,-143.75,0.012,-14.42,-3.75,0.04,0.0339,-2.4666,11.88,94996.51,7.67,95.92,-10.967,-0,-0.9999,145.33,143.52,145.55,24.96,Cornering,"Hoosier 43075 16x7.5-10 R20, 7 inch rim",23328
79.38,797.752,-6.15,355.82,-145.01,0.01,-13.7,-3.93,-0.09,0.0424,-2.4537,11.89,-44046.43,7.67,95.9,-11.012,-0,-1.0002,145.61,143.7,145.73,24.97,Cornering,"Hoosier 43075 16x7.5-10 R20, 7 inch rim",23329
79.41,797.762,-6.28,357.52,-145.97,0.009,-13.64,-3.68,-0.03,0.043,-2.4493,11.97,-164263.56,7.67,95.9,-11.054,-0,-1,145.68,143.83,145.82,24.99,Cornering,"Hoosier 43075 16x7.5-10 R20, 7 inch rim",23330
79.39,797.772,-5.86,358.93,-147.2,-0,-13.84,-3.87,-0.03,0.0398,-2.4383,12.11,-164313.39,7.67,95.89,-11.1,-0,-1,145.65,143.96,145.88,25,Cornering,"Hoosier 43075 16x7.5-10 R20, 7 inch rim",23331
79.37,797.782,-4.56,359.21,-147.92,0.009,-14.36,-3.27,0.11,0.0308,-2.4283,12.25,36890.4,7.67,95.9,-11.137,-0,-0.9998,145.7,144.03,145.9,25.01,Cornering,"Hoosier 43075 16x7.5-10 R20, 7 inch rim",23332
79.4,797.792,-3.67,357.33,-148.85,0.013,-14.42,-3.68,0.04,0.0247,-2.4005,12.35,95127.36,7.67,95.92,-11.17,-0,-0.9999,145.72,144.03,145.94,25.01,Cornering,"Hoosier 43075 16x7.5-10 R20, 7 inch rim",23333
79.41,797.802,-2.71,354.56,-149.18,0.009,-14.05,-3.99,0.04,0.0182,-2.3767,12.39,95111.45,7.67,95.95,-11.217,-0,-0.9999,145.83,144.09,146.04,25.01,Cornering,"Hoosier 43075 16x7.5-10 R20, 7 inch rim",23334
79.38,797.812,-1.94,351.48,-148.13,0.003,-13.96,-4.02,-0.03,0.0131,-2.3727,12.34,-164263.34,7.67,95.97,-11.252,-0,-1,145.91,144.12,146.08,25.01,Cornering,"Hoosier 43075 16x7.5-10 R20, 7 inch rim",23335
79.38,797.822,-1.63,350.09,-146.86,0.007,-13.31,-3.9,0.04,0.0111,-2.3839,12.24,95059.34,7.67,96,-11.306,-0,-0.9999,145.96,144.2,146.16,25,Cornering,"Hoosier 43075 16x7.5-10 R20, 7 inch rim",23336
79.41,797.832,-1.76,349.94,-146.03,0.007,-12.5,-3.49,0.04,0.012,-2.3964,12.12,95051.06,7.67,96,-11.33,-0,-0.9999,146.06,144.31,146.28,25,Cornering,"Hoosier 43075 16x7.5-10 R20, 7 inch rim",23337
