RoadSpeed,TirePressure,InclinationAngle,NormalForce,SlipAngle,ElapsedTime,AligningTorque,LateralForce,Index,SourceFile
25,12,4,-273.39,-4.389,763.263,-16.45,450.21,19823,R20MZ_FZ_250_IA-4_filtered
25,12,4,-272.95,-4.422,763.253,-16.37,452.04,19822,R20MZ_FZ_250_IA-4_filtered
25,12,4,-271.08,-1.73,763.923,5.58,270.52,19889,R20MZ_FZ_250_IA-4_filtered
25,12,4,-271.02,-4.792,763.163,-15.83,468.73,19813,R20MZ_FZ_250_IA-4_filtered
25,12,4,-270.99,-3.419,763.503,-13.26,399.86,19847,R20MZ_FZ_250_IA-4_filtered
25,12,4,-266.64,-4.663,763.193,-15.15,465.19,19816,R20MZ_FZ_250_IA-4_filtered
25,12,4,-265.57,2.818,757.413,63.14,-248.07,19239,R20MZ_FZ_250_IA-4_filtered
25,12,4,-265.41,6.456,756.493,54.77,-498.85,19147,R20MZ_FZ_250_IA-4_filtered
25,12,4,-265.08,-6.336,762.773,-11.44,529.59,19774,R20MZ_FZ_250_IA-4_filtered
25,12,4,-264.85,-1.568,763.963,6.66,255.37,19893,R20MZ_FZ_250_IA-4_filtered
25,12,4,-264.27,-2.348,763.773,-0.95,327.45,19874,R20MZ_FZ_250_IA-4_filtered
25,12,4,-263.5,-6.787,762.663,-5.26,542.69,19763,R20MZ_FZ_250_IA-4_filtered
25,12,4,-263.42,4.744,756.923,62.79,-400.29,19190,R20MZ_FZ_250_IA-4_filtered
25,12,4,-260.16,-1.057,764.103,18.08,202.38,19907,R20MZ_FZ_250_IA-4_filtered
25,12,4,-260.04,1.546,757.723,55.86,-114.64,19270,R20MZ_FZ_250_IA-4_filtered
25,12,4,-259.58,3.428,757.253,66.11,-300.33,19223,R20MZ_FZ_250_IA-4_filtered
25,12,4,-258.48,4.432,757.003,60.94,-377.45,19198,R20MZ_FZ_250_IA-4_filtered
25,12,4,-257.97,6.617,756.453,52.13,-499.61,19143,R20MZ_FZ_250_IA-4_filtered
25,12,4,-257.64,11.396,754.703,31.31,-528.79,18969,R20MZ_FZ_250_IA-4_filtered
25,12,4,-257.6,7.075,756.343,50.46,-514.08,19132,R20MZ_FZ_250_IA-4_filtered
25,12,4,-257.36,7.867,756.143,44.94,-537.1,19112,R20MZ_FZ_250_IA-4_filtered
25,12,4,-257.2,6.655,756.443,50.8,-500.59,19142,R20MZ_FZ_250_IA-4_filtered
25,12,4,-257.1,3.459,757.243,65.45,-302.97,19222,R20MZ_FZ_250_IA-4_filtered
25,12,4,-255.68,12.287,754.893,21.85,-529.54,18987,R20MZ_FZ_250_IA-4_filtered
25,12,4,-255.54,10.9,754.583,31.57,-542.77,18957,R20MZ_FZ_250_IA-4_filtered
25,12,4,-255.52,-8.877,762.143,7.34,576.38,19711,R20MZ_FZ_250_IA-4_filtered
25,12,4,-255.29,-8.926,762.133,7.01,577.45,19710,R20MZ_FZ_250_IA-4_filtered
25,12,4,-253.8,1.255,752.174,55.38,-88.94,18716,R20MZ_FZ_250_IA-4_filtered
25,12,4,-253.79,-12.086,761.343,41.85,586.31,19631,R20MZ_FZ_250_IA-4_filtered
25,12,4,-253.69,2.169,757.563,61.84,-179.81,19254,R20MZ_FZ_250_IA-4_filtered
25,12,4,-253.63,11.745,755.163,30.04,-523.62,19014,R20MZ_FZ_250_IA-4_filtered
25,12,4,-253.61,-12.226,761.243,4.81,585.1,19621,R20MZ_FZ_250_IA-4_filtered
25,12,4,-253.01,10.985,754.603,30.55,-529.86,18959,R20MZ_FZ_250_IA-4_filtered
25,12,4,-252.93,11.185,754.654,33.05,-537.66,18964,R20MZ_FZ_250_IA-4_filtered
25,12,4,-252.62,-9.026,762.103,5.59,578.06,19707,R20MZ_FZ_250_IA-4_filtered
25,12,4,-252.38,11.345,755.263,38.66,-535.98,19024,R20MZ_FZ_250_IA-4_filtered
25,12,4,-252.27,-9.137,762.073,0.97,576.65,19704,R20MZ_FZ_250_IA-4_filtered
25,12,4,-252.24,-12.275,761.153,21.31,585.64,19612,R20MZ_FZ_250_IA-4_filtered
25,12,4,-252.1,10.042,754.373,32.02,-540.66,18936,R20MZ_FZ_250_IA-4_filtered
25,12,4,-251.6,1.73,757.683,53.53,-128.35,19266,R20MZ_FZ_250_IA-4_filtered
25,12,4,-251.55,8.037,756.103,43.91,-530.61,19108,R20MZ_FZ_250_IA-4_filtered
25,12,4,-251.48,-12.261,761.163,18.55,586.05,19613,R20MZ_FZ_250_IA-4_filtered
25,12,4,-251.48,-10.306,761.773,2.06,583.26,19674,R20MZ_FZ_250_IA-4_filtered
25,12,4,-251.37,-10.51,761.723,5.51,583.76,19669,R20MZ_FZ_250_IA-4_filtered
25,12,4,-251.23,-11.522,760.993,14.16,588.66,19597,R20MZ_FZ_250_IA-4_filtered
25,12,4,-251.14,-12.245,761.173,16.74,586.66,19614,R20MZ_FZ_250_IA-4_filtered
25,12,4,-251.14,-12.221,761.273,11.1,586.36,19624,R20MZ_FZ_250_IA-4_filtered
25,12,4,-250.77,11.098,754.633,32.29,-528.76,18962,R20MZ_FZ_250_IA-4_filtered
25,12,4,-249.87,-11.251,760.923,12.14,587.05,19590,R20MZ_FZ_250_IA-4_filtered
25,12,4,-249.54,-11.45,760.973,14.18,590.12,19595,R20MZ_FZ_250_IA-4_filtered
25,12,4,-249.42,-2.121,758.643,-2.94,311.62,19362,R20MZ_FZ_250_IA-4_filtered
25,12,4,-249.08,8.86,755.893,39.04,-540.39,19087,R20MZ_FZ_250_IA-4_filtered
25,12,4,-248.99,0.249,758.053,37.86,44.57,19303,R20MZ_FZ_250_IA-4_filtered
25,12,4,-248.95,8.982,755.863,37.03,-539.94,19084,R20MZ_FZ_250_IA-4_filtered
25,12,4,-248.91,0.477,757.993,40.03,15.69,19297,R20MZ_FZ_250_IA-4_filtered
25,12,4,-248.64,-9.761,760.553,7.2,587.28,19553,R20MZ_FZ_250_IA-4_filtered
25,12,4,-248.61,2.315,752.434,58.96,-212.01,18742,R20MZ_FZ_250_IA-4_filtered
25,12,4,-248.61,-11.373,760.953,14.2,589.91,19593,R20MZ_FZ_250_IA-4_filtered
25,12,4,-248.51,11.609,755.193,36.24,-516.8,19017,R20MZ_FZ_250_IA-4_filtered
25,12,4,-247.97,-3.495,758.983,-10.32,407.57,19396,R20MZ_FZ_250_IA-4_filtered
25,12,4,-247.79,8.142,753.893,43.06,-546.7,18888,R20MZ_FZ_250_IA-4_filtered
25,12,4,-247.33,-10.374,760.703,8.93,587.66,19568,R20MZ_FZ_250_IA-4_filtered
25,12,4,-246.86,9.258,754.173,36.5,-535.71,18916,R20MZ_FZ_250_IA-4_filtered
25,12,4,-246.66,-4.326,759.193,-12.04,452.39,19417,R20MZ_FZ_250_IA-4_filtered
25,12,4,-245.53,-0.763,758.313,15.03,178.49,19329,R20MZ_FZ_250_IA-4_filtered
25,12,4,-244.88,2.16,752.394,58.03,-191.26,18738,R20MZ_FZ_250_IA-4_filtered
25,12,4,-244.85,-5.251,759.423,-11.44,491.31,19440,R20MZ_FZ_250_IA-4_filtered
25,12,4,-244.71,8.263,753.924,39.02,-529.16,18891,R20MZ_FZ_250_IA-4_filtered
25,12,4,-244.2,-9.483,760.483,6.23,584.05,19546,R20MZ_FZ_250_IA-4_filtered
25,12,4,-244.17,8.815,754.063,39.27,-538.84,18905,R20MZ_FZ_250_IA-4_filtered
25,12,4,-243.95,-6.17,759.653,-9.01,520.47,19463,R20MZ_FZ_250_IA-4_filtered
25,12,4,-243.88,-0.145,758.143,30.3,93.53,19312,R20MZ_FZ_250_IA-4_filtered
25,12,4,-243.73,-3.555,759.003,-11.22,413.85,19398,R20MZ_FZ_250_IA-4_filtered
25,12,4,-243.05,-4.434,759.223,-13.71,460.12,19420,R20MZ_FZ_250_IA-4_filtered
25,12,4,-243,-7.446,759.973,-2.14,555.68,19495,R20MZ_FZ_250_IA-4_filtered
25,12,4,-242.49,-5.328,759.443,-12.02,495.06,19442,R20MZ_FZ_250_IA-4_filtered
25,12,4,-242.1,-5.176,759.403,-10.53,488.65,19438,R20MZ_FZ_250_IA-4_filtered
25,12,4,-242.06,2.6,752.514,61.24,-239.93,18750,R20MZ_FZ_250_IA-4_filtered
25,12,4,-242.06,7.346,753.693,43.8,-515.2,18868,R20MZ_FZ_250_IA-4_filtered
25,12,4,-241.84,-0.513,758.233,25.39,141.58,19321,R20MZ_FZ_250_IA-4_filtered
25,12,4,-241.8,-8.687,760.283,3.52,579.24,19526,R20MZ_FZ_250_IA-4_filtered
25,12,4,-241.26,-5.616,759.513,-9.61,504.13,19449,R20MZ_FZ_250_IA-4_filtered
25,12,4,-241.25,-4.692,759.283,-11.35,470.1,19426,R20MZ_FZ_250_IA-4_filtered
25,12,4,-240.91,-0.54,758.243,24.62,146.5,19322,R20MZ_FZ_250_IA-4_filtered
25,12,4,-240.76,-8.581,760.253,2.63,575.92,19523,R20MZ_FZ_250_IA-4_filtered
25,12,4,-240.69,7.538,753.744,45.5,-525.72,18873,R20MZ_FZ_250_IA-4_filtered
25,12,4,-240.28,-6.052,759.623,-8.56,518.68,19460,R20MZ_FZ_250_IA-4_filtered
25,12,4,-240.24,-7.375,759.953,-2.69,555.2,19493,R20MZ_FZ_250_IA-4_filtered
25,12,4,-240.11,-5.375,759.453,-11.6,496.93,19443,R20MZ_FZ_250_IA-4_filtered
25,12,4,-240.03,-5.123,759.393,-11.05,488.06,19437,R20MZ_FZ_250_IA-4_filtered
25,12,4,-239.36,3.19,752.654,58.02,-292.9,18764,R20MZ_FZ_250_IA-4_filtered
25,12,4,-239.24,7.495,753.734,45.09,-518.65,18872,R20MZ_FZ_250_IA-4_filtered
25,12,4,-239.22,-4.164,759.153,-10.85,448.84,19413,R20MZ_FZ_250_IA-4_filtered
25,12,4,-238.51,4.455,752.974,58.52,-386.64,18796,R20MZ_FZ_250_IA-4_filtered
25,12,4,-238.32,-6.883,759.833,-4.63,544.52,19481,R20MZ_FZ_250_IA-4_filtered
25,12,4,-237.86,-6.436,759.723,-7.18,532.06,19470,R20MZ_FZ_250_IA-4_filtered
25,12,4,-237.42,-5.491,759.483,-9.96,503.14,19446,R20MZ_FZ_250_IA-4_filtered
25,12,4,-237.33,-6.397,759.713,-7.69,531.88,19469,R20MZ_FZ_250_IA-4_filtered
25,12,4,-237.05,-6.843,759.823,-4.78,544.45,19480,R20MZ_FZ_250_IA-4_filtered
25,12,4,-236.02,4.41,752.964,57.86,-380.88,18795,R20MZ_FZ_250_IA-4_filtered
25,12,4,-235.4,6.454,753.474,48.51,-488.44,18846,R20MZ_FZ_250_IA-4_filtered
25,12,4,-231.5,5.128,753.143,52.88,-423.91,18813,R20MZ_FZ_250_IA-4_filtered
25,12,4,-214.73,5.116,655.426,48.02,-373.82,15444,R20MZ_FZ_200_IA-4_filtered
25,12,4,-214.4,5.152,655.416,48.03,-374.77,15443,R20MZ_FZ_200_IA-4_filtered
25,12,4,-214.37,4.207,655.656,50.2,-330.19,15467,R20MZ_FZ_200_IA-4_filtered
25,12,4,-214.08,5.613,655.306,46.61,-393.58,15432,R20MZ_FZ_200_IA-4_filtered
25,12,4,-214.01,2.87,655.996,51.25,-235.6,15501,R20MZ_FZ_200_IA-4_filtered
25,12,4,-213.75,5.56,655.316,46.16,-392.05,15433,R20MZ_FZ_200_IA-4_filtered
25,12,4,-213.39,2.944,655.976,52.05,-240.29,15499,R20MZ_FZ_200_IA-4_filtered
25,12,4,-213.31,-5.671,661.536,0.23,423.88,16054,R20MZ_FZ_200_IA-4_filtered
25,12,4,-213.08,4.287,655.636,51.06,-331.66,15465,R20MZ_FZ_200_IA-4_filtered
25,12,4,-212.88,4.183,655.666,49.3,-326.86,15468,R20MZ_FZ_200_IA-4_filtered
25,12,4,-212.53,-2.472,662.336,2.72,281.64,16134,R20MZ_FZ_200_IA-4_filtered
25,12,4,-212.46,5.206,655.406,48.24,-374.42,15442,R20MZ_FZ_200_IA-4_filtered
25,12,4,-212.19,-2.557,662.316,2.42,286.1,16132,R20MZ_FZ_200_IA-4_filtered
25,12,4,-211.96,-4.727,661.776,-2.5,393.97,16078,R20MZ_FZ_200_IA-4_filtered
25,12,4,-211.92,-5.702,661.526,1.05,424.56,16053,R20MZ_FZ_200_IA-4_filtered
25,12,4,-211.89,-5.154,661.666,-2.07,407.49,16067,R20MZ_FZ_200_IA-4_filtered
25,12,4,-211.74,-6.145,661.416,0.69,436.05,16042,R20MZ_FZ_200_IA-4_filtered
25,12,4,-211.73,6.525,655.076,43.77,-427.93,15409,R20MZ_FZ_200_IA-4_filtered
25,12,4,-211.53,6.123,655.176,44.98,-413.02,15419,R20MZ_FZ_200_IA-4_filtered
25,12,4,-210.69,4.142,655.676,48.47,-322.65,15469,R20MZ_FZ_200_IA-4_filtered
25,12,4,-210.6,-5.75,661.516,2.12,424.79,16052,R20MZ_FZ_200_IA-4_filtered
25,12,4,-210.51,-6.032,661.446,1.01,432.26,16045,R20MZ_FZ_200_IA-4_filtered
25,12,4,-210.21,2.009,656.206,49.91,-158.62,15522,R20MZ_FZ_200_IA-4_filtered
25,12,4,-210.06,-4.394,661.856,-3.33,380.63,16086,R20MZ_FZ_200_IA-4_filtered
25,12,4,-209.79,5.927,655.226,41.44,-402.39,15424,R20MZ_FZ_200_IA-4_filtered
25,12,4,-209.64,-2.163,662.416,6.04,258.59,16142,R20MZ_FZ_200_IA-4_filtered
25,12,4,-209.52,6.39,655.106,42.79,-420.44,15412,R20MZ_FZ_200_IA-4_filtered
25,12,4,-209.39,-7.007,661.206,5.16,453.31,16021,R20MZ_FZ_200_IA-4_filtered
25,12,4,-208.99,-3.074,662.186,0.28,317.78,16119,R20MZ_FZ_200_IA-4_filtered
25,12,4,-208.96,6.171,655.166,44.6,-412.25,15418,R20MZ_FZ_200_IA-4_filtered
25,12,4,-208.88,0.777,650.646,38.68,-35.8,14967,R20MZ_FZ_200_IA-4_filtered
25,12,4,-208.74,3.435,655.846,52.37,-275.69,15486,R20MZ_FZ_200_IA-4_filtered
25,12,4,-208.36,-2.834,662.246,-0.58,304.08,16125,R20MZ_FZ_200_IA-4_filtered
25,12,4,-207.99,-7.497,661.076,5.16,457.25,16008,R20MZ_FZ_200_IA-4_filtered
25,12,4,-207.83,-12.199,659.846,6.44,468.89,15885,R20MZ_FZ_200_IA-4_filtered
25,12,4,-207.74,-6.267,661.386,0.66,434.87,16039,R20MZ_FZ_200_IA-4_filtered
25,12,4,-207.44,7.383,654.856,41.6,-444.51,15387,R20MZ_FZ_200_IA-4_filtered
25,12,4,-207.44,-12.063,659.946,46.09,468.83,15895,R20MZ_FZ_200_IA-4_filtered
25,12,4,-207.36,4.96,655.466,46.1,-359.7,15448,R20MZ_FZ_200_IA-4_filtered
25,12,4,-207.32,-6.307,661.376,-0.08,435.47,16038,R20MZ_FZ_200_IA-4_filtered
25,12,4,-207.21,-2.8,662.256,0.11,301.69,16126,R20MZ_FZ_200_IA-4_filtered
25,12,4,-207.18,-5.426,661.596,-0.27,413.4,16060,R20MZ_FZ_200_IA-4_filtered
25,12,4,-207.01,-12.26,659.736,29.83,469.76,15874,R20MZ_FZ_200_IA-4_filtered
25,12,4,-206.99,-7.534,661.066,6.27,456.42,16007,R20MZ_FZ_200_IA-4_filtered
25,12,4,-206.91,-4.961,661.716,0.22,399.09,16072,R20MZ_FZ_200_IA-4_filtered
25,12,4,-206.8,2.577,656.066,50.03,-206.2,15508,R20MZ_FZ_200_IA-4_filtered
25,12,4,-206.76,-11.085,660.186,17.98,465.4,15919,R20MZ_FZ_200_IA-4_filtered
25,12,4,-206.75,10.752,653.146,29.75,-434.72,15217,R20MZ_FZ_200_IA-4_filtered
25,12,4,-206.68,1.047,656.446,42.99,-62.02,15546,R20MZ_FZ_200_IA-4_filtered
25,12,4,-206.61,6.854,654.996,37.58,-429.64,15401,R20MZ_FZ_200_IA-4_filtered
25,12,4,-206.61,-3.714,662.026,-3.38,350.75,16103,R20MZ_FZ_200_IA-4_filtered
25,12,4,-206.59,-1.434,662.596,11.23,203.09,16160,R20MZ_FZ_200_IA-4_filtered
25,12,4,-206.55,0.734,650.636,38.34,-30.51,14966,R20MZ_FZ_200_IA-4_filtered
25,12,4,-206.38,11.648,653.376,25.16,-431.33,15240,R20MZ_FZ_200_IA-4_filtered
25,12,4,-206.25,4.896,655.486,47.63,-354.3,15450,R20MZ_FZ_200_IA-4_filtered
25,12,4,-206.25,-4.077,661.936,-2.31,366.26,16094,R20MZ_FZ_200_IA-4_filtered
25,12,4,-206.23,12.278,653.476,14.52,-424.82,15249,R20MZ_FZ_200_IA-4_filtered
25,12,4,-206.22,12.215,653.606,34.63,-424.05,15262,R20MZ_FZ_200_IA-4_filtered
25,12,4,-206.11,-9.72,660.526,16.46,467.86,15953,R20MZ_FZ_200_IA-4_filtered
25,12,4,-206.09,-2.245,662.396,5.64,264.28,16140,R20MZ_FZ_200_IA-4_filtered
25,12,4,-206.08,-12.109,659.936,43.44,469.21,15894,R20MZ_FZ_200_IA-4_filtered
25,12,4,-206.07,-11.622,659.616,17.46,470.95,15863,R20MZ_FZ_200_IA-4_filtered
25,12,4,-206.02,-8.281,660.876,3.52,462.73,15988,R20MZ_FZ_200_IA-4_filtered
25,12,4,-205.88,7.308,654.876,39.89,-438.69,15389,R20MZ_FZ_200_IA-4_filtered
25,12,4,-205.78,11.164,653.246,31.38,-436.67,15227,R20MZ_FZ_200_IA-4_filtered
25,12,4,-205.74,1.622,656.306,44.75,-120.04,15532,R20MZ_FZ_200_IA-4_filtered
25,12,4,-205.7,10.275,653.026,31.16,-444.28,15205,R20MZ_FZ_200_IA-4_filtered
25,12,4,-205.69,-11.52,660.056,4.97,468.75,15906,R20MZ_FZ_200_IA-4_filtered
25,12,4,-205.62,-11.42,660.086,6.38,463.33,15909,R20MZ_FZ_200_IA-4_filtered
25,12,4,-205.57,-10.562,660.306,11.85,466.58,15931,R20MZ_FZ_200_IA-4_filtered
25,12,4,-205.5,3.969,655.716,50.73,-306.19,15473,R20MZ_FZ_200_IA-4_filtered
25,12,4,-205.31,6.806,655.006,37.68,-426.13,15402,R20MZ_FZ_200_IA-4_filtered
25,12,4,-205.31,-10.141,660.416,10.22,467.66,15942,R20MZ_FZ_200_IA-4_filtered
25,12,4,-205.3,11.25,653.266,29.37,-434.2,15229,R20MZ_FZ_200_IA-4_filtered
25,12,4,-205.19,-11.536,659.596,16.9,473.69,15861,R20MZ_FZ_200_IA-4_filtered
25,12,4,-205.14,2.267,656.136,49.3,-183,15515,R20MZ_FZ_200_IA-4_filtered
25,12,4,-205.08,12.265,653.506,19.49,-416,15252,R20MZ_FZ_200_IA-4_filtered
25,12,4,-205.05,7.854,654.746,36.03,-449,15376,R20MZ_FZ_200_IA-4_filtered
25,12,4,-205.03,-8.895,660.736,15.72,468.42,15974,R20MZ_FZ_200_IA-4_filtered
25,12,4,-204.98,10.836,653.166,28.25,-423.18,15219,R20MZ_FZ_200_IA-4_filtered
25,12,4,-204.97,-11.187,659.506,14.73,472.6,15852,R20MZ_FZ_200_IA-4_filtered
25,12,4,-204.96,11.977,653.716,9.08,-424.12,15273,R20MZ_FZ_200_IA-4_filtered
25,12,4,-204.96,6.684,655.036,40.99,-423.08,15405,R20MZ_FZ_200_IA-4_filtered
25,12,4,-204.92,-7.223,661.146,1.97,450.09,16015,R20MZ_FZ_200_IA-4_filtered
25,12,4,-204.91,12.209,653.616,32.63,-419.96,15263,R20MZ_FZ_200_IA-4_filtered
25,12,4,-204.89,10.242,653.016,32.42,-443.1,15204,R20MZ_FZ_200_IA-4_filtered
25,12,4,-204.83,7.098,654.936,40.62,-433.15,15395,R20MZ_FZ_200_IA-4_filtered
25,12,4,-204.82,12.268,653.466,15.43,-422.57,15248,R20MZ_FZ_200_IA-4_filtered
25,12,4,-204.81,2.615,656.056,49.01,-208.67,15507,R20MZ_FZ_200_IA-4_filtered
25,12,4,-204.81,0.607,656.556,37.41,-14.58,15557,R20MZ_FZ_200_IA-4_filtered
25,12,4,-204.8,3.527,655.826,51.3,-278.1,15484,R20MZ_FZ_200_IA-4_filtered
25,12,4,-204.75,-12.141,659.926,39.03,469.14,15893,R20MZ_FZ_200_IA-4_filtered
25,12,4,-204.74,-11.92,659.976,37.29,465.1,15898,R20MZ_FZ_200_IA-4_filtered
25,12,4,-204.53,-8.258,660.886,3.25,460.63,15989,R20MZ_FZ_200_IA-4_filtered
25,12,4,-204.43,-10.114,660.426,10.6,466.37,15943,R20MZ_FZ_200_IA-4_filtered
25,12,4,-204.26,9.406,652.806,31.13,-447.32,15183,R20MZ_FZ_200_IA-4_filtered
25,12,4,-204.02,-11.388,660.096,6.15,462.29,15910,R20MZ_FZ_200_IA-4_filtered
25,12,4,-203.9,12.215,653.586,36.8,-423.27,15260,R20MZ_FZ_200_IA-4_filtered
25,12,4,-203.88,9.433,652.816,29.87,-440.5,15184,R20MZ_FZ_200_IA-4_filtered
25,12,4,-203.88,-8.716,660.776,13.02,461.66,15978,R20MZ_FZ_200_IA-4_filtered
25,12,4,-203.85,-11.868,659.986,30.46,464.14,15899,R20MZ_FZ_200_IA-4_filtered
25,12,4,-203.84,12.013,653.706,10.03,-423.1,15272,R20MZ_FZ_200_IA-4_filtered
25,12,4,-203.7,12.211,653.626,29.82,-414.88,15264,R20MZ_FZ_200_IA-4_filtered
25,12,4,-203.65,-8.93,660.726,15.38,467.86,15973,R20MZ_FZ_200_IA-4_filtered
25,12,4,-203.54,-11.195,660.156,13.87,468,15916,R20MZ_FZ_200_IA-4_filtered
25,12,4,-203.51,-9.748,659.146,12.47,480.59,15816,R20MZ_FZ_200_IA-4_filtered
25,12,4,-203.44,9.841,652.916,30.74,-452.19,15194,R20MZ_FZ_200_IA-4_filtered
25,12,4,-203.42,-7.727,661.026,11.49,456.06,16003,R20MZ_FZ_200_IA-4_filtered
25,12,4,-203.4,9.804,652.906,32.28,-452.97,15193,R20MZ_FZ_200_IA-4_filtered
25,12,4,-203.4,-12.232,659.766,20.25,466.43,15877,R20MZ_FZ_200_IA-4_filtered
25,12,4,-203.31,9.758,652.896,33.43,-449.41,15192,R20MZ_FZ_200_IA-4_filtered
25,12,4,-203.31,-10.265,659.276,13.33,478.87,15829,R20MZ_FZ_200_IA-4_filtered
25,12,4,-203.28,-11.728,659.696,30.13,473.39,15871,R20MZ_FZ_200_IA-4_filtered
25,12,4,-203.28,-8.081,660.936,6.85,460.38,15994,R20MZ_FZ_200_IA-4_filtered
25,12,4,-203.19,7.122,654.926,39.96,-431.39,15394,R20MZ_FZ_200_IA-4_filtered
25,12,4,-203.18,7.774,654.766,35.09,-443.21,15378,R20MZ_FZ_200_IA-4_filtered
25,12,4,-203.14,11.883,653.736,13.68,-419.41,15275,R20MZ_FZ_200_IA-4_filtered
25,12,4,-203.01,-10.631,659.366,14.51,480.4,15838,R20MZ_FZ_200_IA-4_filtered
25,12,4,-203,2.24,656.146,49.38,-177.71,15516,R20MZ_FZ_200_IA-4_filtered
25,12,4,-202.96,11.505,653.336,30.85,-422.38,15236,R20MZ_FZ_200_IA-4_filtered
25,12,4,-202.94,1.648,656.296,43.75,-122.85,15531,R20MZ_FZ_200_IA-4_filtered
25,12,4,-202.93,7.931,654.726,36.28,-448.68,15374,R20MZ_FZ_200_IA-4_filtered
25,12,4,-202.74,9.492,652.826,29.77,-432.63,15185,R20MZ_FZ_200_IA-4_filtered
25,12,4,-202.72,-12.204,659.786,16.4,469.03,15879,R20MZ_FZ_200_IA-4_filtered
25,12,4,-202.7,-9.531,660.566,10.45,461.61,15957,R20MZ_FZ_200_IA-4_filtered
25,12,4,-202.7,-8.495,660.826,8.17,463.77,15983,R20MZ_FZ_200_IA-4_filtered
25,12,4,-202.61,1.745,650.896,46.9,-143.1,14992,R20MZ_FZ_200_IA-4_filtered
25,12,4,-202.61,-11.353,660.106,6.37,462.37,15911,R20MZ_FZ_200_IA-4_filtered
25,12,4,-202.56,-12.197,659.896,20.51,466.54,15890,R20MZ_FZ_200_IA-4_filtered
25,12,4,-202.56,-11.815,659.996,24.35,463.88,15900,R20MZ_FZ_200_IA-4_filtered
25,12,4,-202.52,-8.969,660.716,14.25,466.39,15972,R20MZ_FZ_200_IA-4_filtered
25,12,4,-202.47,12.224,653.576,37.05,-419.31,15259,R20MZ_FZ_200_IA-4_filtered
25,12,4,-202.4,0.533,650.586,35.83,-3.56,14961,R20MZ_FZ_200_IA-4_filtered
25,12,4,-202.37,-9.336,659.046,11.39,477.25,15806,R20MZ_FZ_200_IA-4_filtered
25,12,4,-202.36,-9.122,660.676,7.71,461.42,15968,R20MZ_FZ_200_IA-4_filtered
25,12,4,-202.21,-10.316,659.286,13.02,476.94,15830,R20MZ_FZ_200_IA-4_filtered
25,12,4,-202.21,-11.761,660.006,19.15,464.51,15901,R20MZ_FZ_200_IA-4_filtered
25,12,4,-202.12,10.397,653.056,28.33,-431.59,15208,R20MZ_FZ_200_IA-4_filtered
25,12,4,-202.11,-9.831,659.166,12.44,477.39,15818,R20MZ_FZ_200_IA-4_filtered
25,12,4,-202.11,-10.93,660.226,23.92,464.51,15923,R20MZ_FZ_200_IA-4_filtered
25,12,4,-202.08,11.049,653.216,31,-423.2,15224,R20MZ_FZ_200_IA-4_filtered
25,12,4,-202.01,-8.54,660.816,9.03,462.96,15982,R20MZ_FZ_200_IA-4_filtered
25,12,4,-201.97,8.243,654.646,35.45,-448.1,15366,R20MZ_FZ_200_IA-4_filtered
25,12,4,-201.97,-9.702,659.136,12.71,480.95,15815,R20MZ_FZ_200_IA-4_filtered
25,12,4,-201.96,-9.397,659.056,11.29,474.75,15807,R20MZ_FZ_200_IA-4_filtered
25,12,4,-201.95,-9.043,660.696,11.43,463.25,15970,R20MZ_FZ_200_IA-4_filtered
25,12,4,-201.83,-9.932,660.476,19.7,464.32,15948,R20MZ_FZ_200_IA-4_filtered
25,12,4,-201.76,8.956,652.696,32.13,-451.84,15172,R20MZ_FZ_200_IA-4_filtered
25,12,4,-201.69,-8.621,660.796,11.13,461.07,15980,R20MZ_FZ_200_IA-4_filtered
25,12,4,-201.58,7.194,654.906,39.11,-430.4,15392,R20MZ_FZ_200_IA-4_filtered
25,12,4,-201.57,-8.585,660.806,10.04,461.84,15981,R20MZ_FZ_200_IA-4_filtered
25,12,4,-201.52,9.28,652.776,33.42,-449.68,15180,R20MZ_FZ_200_IA-4_filtered
25,12,4,-201.49,11.118,653.926,31.56,-427.31,15294,R20MZ_FZ_200_IA-4_filtered
25,12,4,-201.46,-0.69,656.886,19.88,141.39,15590,R20MZ_FZ_200_IA-4_filtered
25,12,4,-201.38,10.116,652.986,31.7,-430.08,15201,R20MZ_FZ_200_IA-4_filtered
25,12,4,-201.14,9.208,654.406,33.25,-443.95,15342,R20MZ_FZ_200_IA-4_filtered
25,12,4,-201.04,-10.827,659.416,13.77,472.36,15843,R20MZ_FZ_200_IA-4_filtered
25,12,4,-200.95,-7.947,658.696,7.14,474.06,15771,R20MZ_FZ_200_IA-4_filtered
25,12,4,-200.93,-4.303,657.786,-3.84,389.7,15680,R20MZ_FZ_200_IA-4_filtered
25,12,4,-200.88,7.975,654.716,36.1,-445.98,15373,R20MZ_FZ_200_IA-4_filtered
25,12,4,-200.86,10.971,653.966,22.49,-425.3,15298,R20MZ_FZ_200_IA-4_filtered
25,12,4,-200.83,-1.639,657.116,12.67,230.24,15613,R20MZ_FZ_200_IA-4_filtered
25,12,4,-200.78,-0.385,656.796,24.63,100.17,15581,R20MZ_FZ_200_IA-4_filtered
25,12,4,-200.76,-5.671,658.126,-1.81,437.4,15714,R20MZ_FZ_200_IA-4_filtered
25,12,4,-200.75,0.722,656.526,39.08,-27.9,15554,R20MZ_FZ_200_IA-4_filtered
25,12,4,-200.71,-4.738,657.896,-4.24,407.24,15691,R20MZ_FZ_200_IA-4_filtered
25,12,4,-200.68,10.561,653.096,30.88,-424.53,15212,R20MZ_FZ_200_IA-4_filtered
25,12,4,-200.67,10.672,654.036,29.62,-425.03,15305,R20MZ_FZ_200_IA-4_filtered
25,12,4,-200.65,-0.67,656.876,21.04,136.99,15589,R20MZ_FZ_200_IA-4_filtered
25,12,4,-200.65,-4.346,657.796,-4.43,391.55,15681,R20MZ_FZ_200_IA-4_filtered
25,12,4,-200.64,10.071,652.976,31,-424.85,15200,R20MZ_FZ_200_IA-4_filtered
25,12,4,-200.64,11.442,653.316,30.02,-414.27,15234,R20MZ_FZ_200_IA-4_filtered
25,12,4,-200.55,10.095,654.186,28.49,-434.03,15320,R20MZ_FZ_200_IA-4_filtered
25,12,4,-200.55,-5.18,658.006,-3.28,422.92,15702,R20MZ_FZ_200_IA-4_filtered
25,12,4,-200.51,9.676,652.876,32.85,-437.91,15190,R20MZ_FZ_200_IA-4_filtered
25,12,4,-200.42,-7.471,658.576,5.26,470.3,15759,R20MZ_FZ_200_IA-4_filtered
25,12,4,-200.4,-10.898,659.436,15.24,473.4,15845,R20MZ_FZ_200_IA-4_filtered
25,12,4,-200.36,1.002,650.706,41.79,-61.82,14973,R20MZ_FZ_200_IA-4_filtered
25,12,4,-200.3,-10.352,659.296,12.94,475.43,15831,R20MZ_FZ_200_IA-4_filtered
25,12,4,-200.27,-8.784,658.906,10.01,478.68,15792,R20MZ_FZ_200_IA-4_filtered
25,12,4,-200.25,-7.062,658.476,3.5,465.17,15749,R20MZ_FZ_200_IA-4_filtered
25,12,4,-200.2,-9.43,659.066,11.58,473.87,15808,R20MZ_FZ_200_IA-4_filtered
25,12,4,-200.17,-8.346,658.796,8.35,477.9,15781,R20MZ_FZ_200_IA-4_filtered
25,12,4,-200.09,11.415,653.306,28.67,-412.29,15233,R20MZ_FZ_200_IA-4_filtered
25,12,4,-200.07,9.164,654.416,31.74,-443.86,15343,R20MZ_FZ_200_IA-4_filtered
25,12,4,-200.02,-8.024,658.716,7.13,470.29,15773,R20MZ_FZ_200_IA-4_filtered
25,12,4,-200,1.784,650.906,46.81,-146.36,14993,R20MZ_FZ_200_IA-4_filtered
25,12,4,-199.93,0.922,656.476,39.9,-47.67,15549,R20MZ_FZ_200_IA-4_filtered
25,12,4,-199.86,-10.514,659.336,14.76,477.88,15835,R20MZ_FZ_200_IA-4_filtered
25,12,4,-199.79,1.332,656.376,43.54,-89.32,15539,R20MZ_FZ_200_IA-4_filtered
25,12,4,-199.72,12.229,653.546,30.59,-407.06,15256,R20MZ_FZ_200_IA-4_filtered
25,12,4,-199.72,9.626,654.296,31.78,-442.33,15331,R20MZ_FZ_200_IA-4_filtered
25,12,4,-199.69,11.73,653.416,15.25,-414,15244,R20MZ_FZ_200_IA-4_filtered
25,12,4,-199.63,-3.945,657.696,-5.56,373.94,15671,R20MZ_FZ_200_IA-4_filtered
25,12,4,-199.61,-6.543,658.346,0.83,456.59,15736,R20MZ_FZ_200_IA-4_filtered
25,12,4,-199.6,-5.743,658.146,-2.49,438.58,15716,R20MZ_FZ_200_IA-4_filtered
25,12,4,-199.52,1.243,656.396,43.42,-80.48,15541,R20MZ_FZ_200_IA-4_filtered
25,12,4,-199.46,8.562,652.596,31.38,-444.2,15162,R20MZ_FZ_200_IA-4_filtered
25,12,4,-199.41,8.034,652.466,35.01,-451.06,15149,R20MZ_FZ_200_IA-4_filtered
25,12,4,-199.41,9.721,654.276,31.66,-440.32,15329,R20MZ_FZ_200_IA-4_filtered
25,12,4,-199.34,-6.986,658.456,3.15,463.69,15747,R20MZ_FZ_200_IA-4_filtered
25,12,4,-199.27,-5.295,658.036,-3.86,426.44,15705,R20MZ_FZ_200_IA-4_filtered
25,12,4,-199.25,9.589,652.856,31.82,-427.57,15188,R20MZ_FZ_200_IA-4_filtered
25,12,4,-199.23,8.719,654.526,33.39,-449.36,15354,R20MZ_FZ_200_IA-4_filtered
25,12,4,-199.18,7.635,654.796,36.89,-436.77,15381,R20MZ_FZ_200_IA-4_filtered
25,12,4,-199.18,-7.113,658.486,3.44,463.71,15750,R20MZ_FZ_200_IA-4_filtered
25,12,4,-199.12,12.102,653.676,17.72,-410.94,15269,R20MZ_FZ_200_IA-4_filtered
25,12,4,-198.92,10.929,653.976,22.62,-418.27,15299,R20MZ_FZ_200_IA-4_filtered
25,12,4,-198.9,1.436,650.816,45.68,-106.96,14984,R20MZ_FZ_200_IA-4_filtered
25,12,4,-198.86,8.078,652.476,33.8,-444.72,15150,R20MZ_FZ_200_IA-4_filtered
25,12,4,-198.86,-3.35,657.546,-1.36,342.81,15656,R20MZ_FZ_200_IA-4_filtered
25,12,4,-198.81,9.309,654.376,34.66,-432.59,15339,R20MZ_FZ_200_IA-4_filtered
25,12,4,-198.79,-7.587,658.606,5.62,467.12,15762,R20MZ_FZ_200_IA-4_filtered
25,12,4,-198.69,-10.026,659.216,13.56,478.43,15823,R20MZ_FZ_200_IA-4_filtered
25,12,4,-198.42,-0.62,656.866,22.03,132.5,15588,R20MZ_FZ_200_IA-4_filtered
25,12,4,-198.33,8.802,654.506,33.83,-451.44,15352,R20MZ_FZ_200_IA-4_filtered
25,12,4,-198.24,-4.86,657.926,-4.74,411.76,15694,R20MZ_FZ_200_IA-4_filtered
25,12,4,-198.22,8.008,654.706,35.8,-443.84,15372,R20MZ_FZ_200_IA-4_filtered
25,12,4,-198.19,10.241,654.146,34.07,-429.22,15316,R20MZ_FZ_200_IA-4_filtered
25,12,4,-198.17,9.118,652.736,30.69,-432.29,15176,R20MZ_FZ_200_IA-4_filtered
25,12,4,-198.16,-8.539,658.846,9.27,469.85,15786,R20MZ_FZ_200_IA-4_filtered
25,12,4,-198.14,9.208,652.756,32.24,-439.94,15178,R20MZ_FZ_200_IA-4_filtered
25,12,4,-198.14,-1.724,657.136,8.36,236.62,15615,R20MZ_FZ_200_IA-4_filtered
25,12,4,-198.05,7.597,652.356,36.31,-444.93,15138,R20MZ_FZ_200_IA-4_filtered
25,12,4,-198.03,-8.07,658.726,7.06,468.77,15774,R20MZ_FZ_200_IA-4_filtered
25,12,4,-197.95,8.598,652.606,31.03,-437.61,15163,R20MZ_FZ_200_IA-4_filtered
25,12,4,-197.88,-5.783,658.156,-1.87,438.01,15717,R20MZ_FZ_200_IA-4_filtered
25,12,4,-197.78,0.341,656.626,33.28,16.68,15564,R20MZ_FZ_200_IA-4_filtered
25,12,4,-197.77,-7.143,658.496,3.37,462.4,15751,R20MZ_FZ_200_IA-4_filtered
25,12,4,-197.73,11.292,653.876,34.91,-409.05,15289,R20MZ_FZ_200_IA-4_filtered
25,12,4,-197.69,-7.38,658.556,5.37,467.49,15757,R20MZ_FZ_200_IA-4_filtered
25,12,4,-197.67,8.796,652.656,34.33,-450.86,15168,R20MZ_FZ_200_IA-4_filtered
25,12,4,-197.6,9.159,652.746,31.15,-435,15177,R20MZ_FZ_200_IA-4_filtered
25,12,4,-197.28,7.958,652.446,37.75,-454.81,15147,R20MZ_FZ_200_IA-4_filtered
25,12,4,-197.17,11.724,653.766,26.25,-408.9,15278,R20MZ_FZ_200_IA-4_filtered
25,12,4,-197.15,8.634,652.616,31.61,-435.01,15164,R20MZ_FZ_200_IA-4_filtered
25,12,4,-197.12,-6.691,658.386,1.76,455.67,15740,R20MZ_FZ_200_IA-4_filtered
25,12,4,-196.92,9.404,654.356,34.65,-424,15337,R20MZ_FZ_200_IA-4_filtered
25,12,4,-196.72,8.061,654.696,35.8,-442.05,15371,R20MZ_FZ_200_IA-4_filtered
25,12,4,-196.68,2.488,651.076,49.19,-206.39,15010,R20MZ_FZ_200_IA-4_filtered
25,12,4,-196.67,-4.659,657.876,-3.91,402.63,15689,R20MZ_FZ_200_IA-4_filtered
25,12,4,-196.6,-2.854,657.426,-1.26,315.46,15644,R20MZ_FZ_200_IA-4_filtered
25,12,4,-196.56,8.833,654.496,32.7,-449.83,15351,R20MZ_FZ_200_IA-4_filtered
25,12,4,-196.55,-8.14,658.746,7.72,469.29,15776,R20MZ_FZ_200_IA-4_filtered
25,12,4,-196.51,9.971,654.216,24.99,-420.76,15323,R20MZ_FZ_200_IA-4_filtered
25,12,4,-196.51,-7.335,658.546,5.2,465.7,15756,R20MZ_FZ_200_IA-4_filtered
25,12,4,-196.49,8.093,654.686,35.34,-440.97,15370,R20MZ_FZ_200_IA-4_filtered
25,12,4,-196.39,-3.295,657.536,-1.56,340.32,15655,R20MZ_FZ_200_IA-4_filtered
25,12,4,-196.34,-7.781,658.656,6.71,469.11,15767,R20MZ_FZ_200_IA-4_filtered
25,12,4,-196.19,-8.191,658.756,8.08,471.29,15777,R20MZ_FZ_200_IA-4_filtered
25,12,4,-196.17,-7.669,658.626,5.81,465.84,15764,R20MZ_FZ_200_IA-4_filtered
25,12,4,-196.14,-1.924,657.196,1.54,252.02,15621,R20MZ_FZ_200_IA-4_filtered
25,12,4,-196.13,-3.544,657.596,-3.25,353.66,15661,R20MZ_FZ_200_IA-4_filtered
25,12,4,-196.04,-7.716,658.636,6.29,466.46,15765,R20MZ_FZ_200_IA-4_filtered
25,12,4,-195.99,-2.395,657.306,3.88,283.71,15632,R20MZ_FZ_200_IA-4_filtered
25,12,4,-195.99,-6.907,658.436,3.53,460.08,15745,R20MZ_FZ_200_IA-4_filtered
25,12,4,-195.95,-2.667,657.376,1.12,304.23,15639,R20MZ_FZ_200_IA-4_filtered
25,12,4,-195.89,-2.819,657.416,0.41,313.41,15643,R20MZ_FZ_200_IA-4_filtered
25,12,4,-195.87,-5.825,658.166,-1.64,437.4,15718,R20MZ_FZ_200_IA-4_filtered
25,12,4,-195.86,2.312,651.026,46.48,-189.35,15005,R20MZ_FZ_200_IA-4_filtered
25,12,4,-195.83,6.194,652.006,41.93,-415.41,15103,R20MZ_FZ_200_IA-4_filtered
25,12,4,-195.79,-4.466,657.826,-4.81,396.55,15684,R20MZ_FZ_200_IA-4_filtered
25,12,4,-195.73,-3.738,657.646,-3.74,363.9,15666,R20MZ_FZ_200_IA-4_filtered
25,12,4,-195.7,-7.753,658.646,6.68,467.52,15766,R20MZ_FZ_200_IA-4_filtered
25,12,4,-195.48,9.878,654.236,27.42,-423.31,15325,R20MZ_FZ_200_IA-4_filtered
25,12,4,-195.41,-5.511,658.086,-1.77,429.29,15710,R20MZ_FZ_200_IA-4_filtered
25,12,4,-195.39,-6.861,658.426,3.67,458.19,15744,R20MZ_FZ_200_IA-4_filtered
25,12,4,-195.38,8.674,652.626,32.55,-436.36,15165,R20MZ_FZ_200_IA-4_filtered
25,12,4,-195.36,-6.301,658.286,-0.03,447.79,15730,R20MZ_FZ_200_IA-4_filtered
25,12,4,-195.34,9.089,654.436,29.67,-439.18,15345,R20MZ_FZ_200_IA-4_filtered
25,12,4,-195.27,2.652,651.126,50.06,-223.44,15015,R20MZ_FZ_200_IA-4_filtered
25,12,4,-195.26,-7.228,658.516,4.21,461.77,15753,R20MZ_FZ_200_IA-4_filtered
25,12,4,-195.15,7.04,652.216,40.45,-437.06,15124,R20MZ_FZ_200_IA-4_filtered
25,12,4,-195.12,-0.998,656.966,9.93,172.24,15598,R20MZ_FZ_200_IA-4_filtered
25,12,4,-195.05,2.448,651.066,48.41,-201.52,15009,R20MZ_FZ_200_IA-4_filtered
25,12,4,-194.87,-3.267,657.526,-1.41,338.05,15654,R20MZ_FZ_200_IA-4_filtered
25,12,4,-194.82,8.481,654.586,36.53,-443.57,15360,R20MZ_FZ_200_IA-4_filtered
25,12,4,-194.78,8.207,652.506,33.22,-432.36,15153,R20MZ_FZ_200_IA-4_filtered
25,12,4,-194.77,-0.906,656.946,11.18,164.77,15596,R20MZ_FZ_200_IA-4_filtered
25,12,4,-194.77,-6.783,658.406,3.04,455.82,15742,R20MZ_FZ_200_IA-4_filtered
25,12,4,-194.74,7.679,652.376,34.97,-434.57,15140,R20MZ_FZ_200_IA-4_filtered
25,12,4,-194.73,8.32,652.536,35.85,-447.62,15156,R20MZ_FZ_200_IA-4_filtered
25,12,4,-194.59,-6.344,658.296,0.44,448.82,15731,R20MZ_FZ_200_IA-4_filtered
25,12,4,-194.56,8.587,654.556,33.38,-441.41,15357,R20MZ_FZ_200_IA-4_filtered
25,12,4,-194.54,-1.89,657.186,2.36,250.21,15620,R20MZ_FZ_200_IA-4_filtered
25,12,4,-194.5,-4.984,657.956,-3.55,414.48,15697,R20MZ_FZ_200_IA-4_filtered
25,12,4,-194.43,2.331,651.036,46.07,-191.45,15006,R20MZ_FZ_200_IA-4_filtered
25,12,4,-194.42,-4.063,657.726,-4.35,378.89,15674,R20MZ_FZ_200_IA-4_filtered
25,12,4,-194.34,-3.138,657.496,-4.02,331.8,15651,R20MZ_FZ_200_IA-4_filtered
25,12,4,-194.3,3.035,651.216,49.96,-251.45,15024,R20MZ_FZ_200_IA-4_filtered
25,12,4,-194.3,-6.808,658.416,3.46,456.88,15743,R20MZ_FZ_200_IA-4_filtered
25,12,4,-194.19,2.415,651.056,47.27,-197.38,15008,R20MZ_FZ_200_IA-4_filtered
25,12,4,-193.95,-4.102,657.736,-4.01,380.57,15675,R20MZ_FZ_200_IA-4_filtered
25,12,4,-193.83,8.279,652.526,35.36,-441.45,15155,R20MZ_FZ_200_IA-4_filtered
25,12,4,-193.71,-3.621,657.616,-3.18,358.03,15663,R20MZ_FZ_200_IA-4_filtered
25,12,4,-193.36,2.951,651.196,53.02,-243.29,15022,R20MZ_FZ_200_IA-4_filtered
25,12,4,-193.26,4.394,651.556,46.35,-335.38,15058,R20MZ_FZ_200_IA-4_filtered
25,12,4,-193.24,7.888,652.426,37.45,-447.41,15145,R20MZ_FZ_200_IA-4_filtered
25,12,4,-192.85,6.559,652.096,42.39,-422.9,15112,R20MZ_FZ_200_IA-4_filtered
25,12,4,-192.82,5.679,651.876,45.05,-393.09,15090,R20MZ_FZ_200_IA-4_filtered
25,12,4,-192.5,7.013,652.206,40.41,-432.73,15123,R20MZ_FZ_200_IA-4_filtered
25,12,4,-192.34,5.242,651.766,45.86,-375.08,15079,R20MZ_FZ_200_IA-4_filtered
25,12,4,-192.23,5.352,651.796,43.64,-381.63,15082,R20MZ_FZ_200_IA-4_filtered
25,12,4,-192.21,7.71,652.386,34.94,-432.71,15141,R20MZ_FZ_200_IA-4_filtered
25,12,4,-192.18,9.015,654.456,29.37,-437.97,15347,R20MZ_FZ_200_IA-4_filtered
25,12,4,-191.85,3.962,651.446,49.7,-308.13,15047,R20MZ_FZ_200_IA-4_filtered
25,12,4,-191.56,3.91,651.436,51.12,-305.08,15046,R20MZ_FZ_200_IA-4_filtered
25,12,4,-190.88,3.99,651.456,47.98,-309.93,15048,R20MZ_FZ_200_IA-4_filtered
25,12,4,-190.75,7.768,652.396,35.39,-433.42,15142,R20MZ_FZ_200_IA-4_filtered
25,12,4,-190.61,3.131,651.236,46.05,-255.08,15026,R20MZ_FZ_200_IA-4_filtered
25,12,4,-190.43,2.73,651.146,50.18,-225.25,15017,R20MZ_FZ_200_IA-4_filtered
25,12,4,-190.3,6.32,652.036,39.11,-405.95,15106,R20MZ_FZ_200_IA-4_filtered
25,12,4,-190.15,7.281,652.276,36.12,-425.21,15130,R20MZ_FZ_200_IA-4_filtered
25,12,4,-189.83,4.482,651.576,45.24,-337.33,15060,R20MZ_FZ_200_IA-4_filtered
25,12,4,-189.83,5.391,651.806,42.87,-379.44,15083,R20MZ_FZ_200_IA-4_filtered
25,12,4,-189.79,5.634,651.866,44.89,-386.89,15089,R20MZ_FZ_200_IA-4_filtered
25,12,4,-189.23,7.357,652.296,37.55,-431.33,15132,R20MZ_FZ_200_IA-4_filtered
25,12,4,-189.02,7.321,652.286,36.96,-427.15,15131,R20MZ_FZ_200_IA-4_filtered
25,12,4,-188.51,5.875,651.926,40.63,-393.98,15095,R20MZ_FZ_200_IA-4_filtered
25,12,4,-188.37,4.958,651.696,42.45,-358.86,15072,R20MZ_FZ_200_IA-4_filtered
25,12,4,-188.07,6.916,652.186,39.19,-422.42,15121,R20MZ_FZ_200_IA-4_filtered
25,12,4,-187.51,6.482,652.076,41.17,-410.93,15110,R20MZ_FZ_200_IA-4_filtered
25,12,4,-187.13,4.275,651.526,46.59,-321.83,15055,R20MZ_FZ_200_IA-4_filtered
25,12,4,-186.95,3.378,651.296,45.24,-267.58,15032,R20MZ_FZ_200_IA-4_filtered
25,12,4,-186.76,5.442,651.816,42.67,-376.51,15084,R20MZ_FZ_200_IA-4_filtered
25,12,4,-186.59,6.034,651.966,42.13,-397.02,15099,R20MZ_FZ_200_IA-4_filtered
25,12,4,-186.08,6.445,652.066,40.31,-406.2,15109,R20MZ_FZ_200_IA-4_filtered
25,12,4,-185.91,6.396,652.056,39.88,-403.42,15108,R20MZ_FZ_200_IA-4_filtered
25,12,4,-184.87,6.006,651.956,41.5,-392.45,15098,R20MZ_FZ_200_IA-4_filtered
25,12,4,-184.53,5.472,651.826,42.6,-374.3,15085,R20MZ_FZ_200_IA-4_filtered
25,12,4,-184.5,3.29,651.276,43.65,-259.33,15030,R20MZ_FZ_200_IA-4_filtered
25,12,4,-184.48,5.954,651.946,40.76,-390.46,15097,R20MZ_FZ_200_IA-4_filtered
25,12,4,-183.62,5.082,651.726,43.22,-355.86,15075,R20MZ_FZ_200_IA-4_filtered
25,12,4,-183.49,4.646,651.616,46.14,-336.15,15064,R20MZ_FZ_200_IA-4_filtered
25,12,4,-183.37,4.602,651.606,45.37,-335.08,15063,R20MZ_FZ_200_IA-4_filtered
25,12,4,-159.18,-5.361,695.395,4.58,321.35,17307,R20MZ_FZ_150_IA-4_filtered
25,12,4,-158.79,-5.781,695.295,7.88,327.55,17297,R20MZ_FZ_150_IA-4_filtered
25,12,4,-158.42,4.047,689.495,35.11,-256.89,16718,R20MZ_FZ_150_IA-4_filtered
25,12,4,-158.42,-7.665,694.825,13.67,352.84,17250,R20MZ_FZ_150_IA-4_filtered
25,12,4,-156.28,3.081,689.735,35.98,-208.55,16742,R20MZ_FZ_150_IA-4_filtered
25,12,4,-155.92,-7.102,694.965,5.81,344.94,17264,R20MZ_FZ_150_IA-4_filtered
25,12,4,-155.88,4.874,689.285,32.33,-282.22,16697,R20MZ_FZ_150_IA-4_filtered
25,12,4,-155.48,-4.144,695.705,3.11,286.78,17338,R20MZ_FZ_150_IA-4_filtered
25,12,4,-155.37,1.787,684.695,35.39,-132.35,16239,R20MZ_FZ_150_IA-4_filtered
25,12,4,-155.33,-9.98,694.245,14.72,360.1,17192,R20MZ_FZ_150_IA-4_filtered
25,12,4,-155.3,-11.345,693.345,14.14,362.12,17103,R20MZ_FZ_150_IA-4_filtered
25,12,4,-155.24,-11.81,693.785,29.77,359.45,17146,R20MZ_FZ_150_IA-4_filtered
25,12,4,-155.16,0.893,684.465,31.33,-54.68,16216,R20MZ_FZ_150_IA-4_filtered
25,12,4,-155.07,-12.109,693.705,24.32,356.52,17138,R20MZ_FZ_150_IA-4_filtered
25,12,4,-154.99,-3.219,695.935,4.59,254.12,17361,R20MZ_FZ_150_IA-4_filtered
25,12,4,-154.96,-6.02,695.235,6.86,328.56,17291,R20MZ_FZ_150_IA-4_filtered
25,12,4,-154.86,10.796,686.945,24.45,-325.64,16464,R20MZ_FZ_150_IA-4_filtered
25,12,4,-154.76,-10.917,694.015,23.11,359.75,17169,R20MZ_FZ_150_IA-4_filtered
25,12,4,-154.48,3.306,689.675,38.02,-218.61,16736,R20MZ_FZ_150_IA-4_filtered
25,12,4,-154.45,-6.053,695.225,6.48,328.21,17290,R20MZ_FZ_150_IA-4_filtered
25,12,4,-154.34,-9.516,692.885,12.06,365.33,17057,R20MZ_FZ_150_IA-4_filtered
25,12,4,-154.31,-10.832,693.215,13.6,365.17,17090,R20MZ_FZ_150_IA-4_filtered
25,12,4,-154.28,2.258,684.805,35.95,-164.73,16250,R20MZ_FZ_150_IA-4_filtered
25,12,4,-153.85,-8.162,692.545,10.22,362.52,17023,R20MZ_FZ_150_IA-4_filtered
25,12,4,-153.77,0.934,684.475,31.19,-58.32,16217,R20MZ_FZ_150_IA-4_filtered
25,12,4,-153.73,3.465,689.635,35.31,-226.11,16732,R20MZ_FZ_150_IA-4_filtered
25,12,4,-153.66,-8.606,692.655,11.05,364.2,17034,R20MZ_FZ_150_IA-4_filtered
25,12,4,-153.5,1.746,690.075,30.38,-118.76,16776,R20MZ_FZ_150_IA-4_filtered
25,12,4,-153.34,11.73,687.185,17.22,-322.92,16488,R20MZ_FZ_150_IA-4_filtered
25,12,4,-153.23,11.861,687.535,9.55,-321.37,16522,R20MZ_FZ_150_IA-4_filtered
25,12,4,-153.11,-2.499,696.115,5.77,219.34,17379,R20MZ_FZ_150_IA-4_filtered
25,12,4,-153.05,-10.036,693.015,12.03,360.27,17070,R20MZ_FZ_150_IA-4_filtered
25,12,4,-153,11.24,687.055,24.6,-324.05,16475,R20MZ_FZ_150_IA-4_filtered
25,12,4,-152.95,-7.635,692.415,9.61,361.04,17010,R20MZ_FZ_150_IA-4_filtered
25,12,4,-152.94,-5.4,691.855,4.64,335.26,16954,R20MZ_FZ_150_IA-4_filtered
25,12,4,-152.93,6.121,688.975,29.51,-312.54,16666,R20MZ_FZ_150_IA-4_filtered
25,12,4,-152.93,-8.228,694.675,7.04,350.65,17235,R20MZ_FZ_150_IA-4_filtered
25,12,4,-152.84,-2.424,696.135,7.87,214.99,17381,R20MZ_FZ_150_IA-4_filtered
25,12,4,-152.77,-12.204,693.535,29.07,360.87,17121,R20MZ_FZ_150_IA-4_filtered
25,12,4,-152.77,-8.869,694.525,14.96,351.56,17220,R20MZ_FZ_150_IA-4_filtered
25,12,4,-152.7,10.279,686.815,25.81,-321.25,16451,R20MZ_FZ_150_IA-4_filtered
25,12,4,-152.7,-11.952,693.755,45.37,354.61,17143,R20MZ_FZ_150_IA-4_filtered
25,12,4,-152.69,-10.798,693.205,13.82,364.59,17089,R20MZ_FZ_150_IA-4_filtered
25,12,4,-152.6,-2.888,696.015,5.73,238.9,17369,R20MZ_FZ_150_IA-4_filtered
25,12,4,-152.54,0.971,684.485,31.61,-61.05,16218,R20MZ_FZ_150_IA-4_filtered
25,12,4,-152.54,-4.028,691.515,-0.26,298.58,16920,R20MZ_FZ_150_IA-4_filtered
25,12,4,-152.5,-11.654,693.425,19.27,360.39,17111,R20MZ_FZ_150_IA-4_filtered
25,12,4,-152.46,-1.441,690.855,14.13,167.72,16854,R20MZ_FZ_150_IA-4_filtered
25,12,4,-152.46,-6.269,692.075,5.91,348.75,16976,R20MZ_FZ_150_IA-4_filtered
25,12,4,-152.36,6.92,688.775,29.05,-329.84,16646,R20MZ_FZ_150_IA-4_filtered
25,12,4,-152.34,6.191,688.955,29.58,-314.13,16664,R20MZ_FZ_150_IA-4_filtered
25,12,4,-152.33,-7.277,692.325,7.95,354.49,17001,R20MZ_FZ_150_IA-4_filtered
25,12,4,-152.29,-9.436,692.865,12.37,367.83,17055,R20MZ_FZ_150_IA-4_filtered
25,12,4,-152.2,-11.491,693.845,4.72,351.54,17152,R20MZ_FZ_150_IA-4_filtered
25,12,4,-152.18,1.487,690.135,33.33,-99.11,16782,R20MZ_FZ_150_IA-4_filtered
25,12,4,-152.16,6.161,688.965,29.38,-312.75,16665,R20MZ_FZ_150_IA-4_filtered
25,12,4,-152.1,-11.469,693.855,2.9,351.85,17153,R20MZ_FZ_150_IA-4_filtered
25,12,4,-152.02,-10.141,694.195,8.5,352.15,17187,R20MZ_FZ_150_IA-4_filtered
25,12,4,-151.97,-12.132,693.625,5.74,354.78,17130,R20MZ_FZ_150_IA-4_filtered
25,12,4,-151.93,-9.737,694.305,19.33,353.22,17198,R20MZ_FZ_150_IA-4_filtered
25,12,4,-151.9,-4.067,691.525,-0.47,299.48,16921,R20MZ_FZ_150_IA-4_filtered
25,12,4,-151.81,9.56,688.105,27.67,-332.2,16579,R20MZ_FZ_150_IA-4_filtered
25,12,4,-151.73,-12.194,693.525,31.74,359.55,17120,R20MZ_FZ_150_IA-4_filtered
25,12,4,-151.42,10.834,687.795,17.6,-312.15,16548,R20MZ_FZ_150_IA-4_filtered
25,12,4,-151.4,-3.629,691.415,4.44,285,16910,R20MZ_FZ_150_IA-4_filtered
25,12,4,-151.36,-9.399,692.855,12.8,366.07,17054,R20MZ_FZ_150_IA-4_filtered
25,12,4,-151.36,-12.201,693.515,31.78,357.99,17119,R20MZ_FZ_150_IA-4_filtered
25,12,4,-151.25,10.233,686.805,25.4,-318.07,16450,R20MZ_FZ_150_IA-4_filtered
25,12,4,-151.25,-3.992,691.505,0.27,296.14,16919,R20MZ_FZ_150_IA-4_filtered
25,12,4,-151.21,0.534,690.375,27.93,-17.77,16806,R20MZ_FZ_150_IA-4_filtered
25,12,4,-151.15,-10.562,693.145,13.19,357.84,17083,R20MZ_FZ_150_IA-4_filtered
25,12,4,-151.14,0.093,690.485,23.96,24.8,16817,R20MZ_FZ_150_IA-4_filtered
25,12,4,-151.07,-10.718,693.185,14.85,360.77,17087,R20MZ_FZ_150_IA-4_filtered
25,12,4,-151.05,-11.512,693.385,14.17,353.78,17107,R20MZ_FZ_150_IA-4_filtered
25,12,4,-150.95,9.084,686.515,23.85,-341.72,16421,R20MZ_FZ_150_IA-4_filtered
25,12,4,-150.84,-4.867,691.725,1.18,322.54,16941,R20MZ_FZ_150_IA-4_filtered
25,12,4,-150.72,8.598,686.395,25.04,-344.69,16409,R20MZ_FZ_150_IA-4_filtered
25,12,4,-150.72,-5.965,691.995,4.7,340.73,16968,R20MZ_FZ_150_IA-4_filtered
25,12,4,-150.64,-1.475,690.865,14.95,170.7,16855,R20MZ_FZ_150_IA-4_filtered
25,12,4,-150.45,0.736,684.425,27.73,-39.11,16212,R20MZ_FZ_150_IA-4_filtered
25,12,4,-150.36,11.462,687.625,33.62,-314.91,16531,R20MZ_FZ_150_IA-4_filtered
25,12,4,-150.13,-5.527,691.885,3.91,333.4,16957,R20MZ_FZ_150_IA-4_filtered
25,12,4,-150.11,-9.8,692.955,13.56,363.37,17064,R20MZ_FZ_150_IA-4_filtered
25,12,4,-150.04,10.671,686.915,24,-315.35,16461,R20MZ_FZ_150_IA-4_filtered
25,12,4,-149.92,-7.346,692.345,8.51,350.46,17003,R20MZ_FZ_150_IA-4_filtered
25,12,4,-149.88,8.525,686.375,26.51,-347.55,16407,R20MZ_FZ_150_IA-4_filtered
25,12,4,-149.73,1.601,684.645,35.05,-113.43,16234,R20MZ_FZ_150_IA-4_filtered
25,12,4,-149.61,-2.376,691.095,5.96,226.13,16878,R20MZ_FZ_150_IA-4_filtered
25,12,4,-149.58,1.525,684.625,33.48,-106.28,16232,R20MZ_FZ_150_IA-4_filtered
25,12,4,-149.51,-4.137,691.545,0.36,299.8,16923,R20MZ_FZ_150_IA-4_filtered
25,12,4,-149.43,1.954,684.735,36.92,-139.7,16243,R20MZ_FZ_150_IA-4_filtered
25,12,4,-149.34,1.556,684.635,34.29,-109.57,16233,R20MZ_FZ_150_IA-4_filtered
25,12,4,-149.34,-7.944,692.495,11.01,357.25,17018,R20MZ_FZ_150_IA-4_filtered
25,12,4,-149.27,11.778,687.235,12.47,-307.58,16493,R20MZ_FZ_150_IA-4_filtered
25,12,4,-149.23,-7.838,692.465,9.34,353.53,17015,R20MZ_FZ_150_IA-4_filtered
25,12,4,-149.09,-7.52,692.385,10.19,355.52,17007,R20MZ_FZ_150_IA-4_filtered
25,12,4,-149.02,11.78,687.245,10.86,-308.55,16494,R20MZ_FZ_150_IA-4_filtered
25,12,4,-149,-5.271,691.825,5.29,329.89,16951,R20MZ_FZ_150_IA-4_filtered
25,12,4,-148.77,-2.059,691.025,1.82,208.84,16871,R20MZ_FZ_150_IA-4_filtered
25,12,4,-148.64,9.869,688.035,19.56,-317.45,16572,R20MZ_FZ_150_IA-4_filtered
25,12,4,-148.58,-7.868,692.475,9.96,354.26,17016,R20MZ_FZ_150_IA-4_filtered
25,12,4,-148.57,0.359,690.415,26.29,-2.68,16810,R20MZ_FZ_150_IA-4_filtered
25,12,4,-148.53,12.208,687.355,27.26,-304.89,16504,R20MZ_FZ_150_IA-4_filtered
25,12,4,-148.46,7.825,688.545,27.72,-337.69,16623,R20MZ_FZ_150_IA-4_filtered
25,12,4,-148.44,-2.403,691.105,7.21,228.24,16879,R20MZ_FZ_150_IA-4_filtered
25,12,4,-148.32,0.8,690.305,28.02,-42.32,16799,R20MZ_FZ_150_IA-4_filtered
25,12,4,-148.27,2.553,684.885,35.91,-181.93,16258,R20MZ_FZ_150_IA-4_filtered
25,12,4,-148.19,10.186,687.955,24.88,-316.4,16564,R20MZ_FZ_150_IA-4_filtered
25,12,4,-147.97,9.284,686.565,24.66,-328.06,16426,R20MZ_FZ_150_IA-4_filtered
25,12,4,-147.77,8.714,686.425,23.68,-332.6,16412,R20MZ_FZ_150_IA-4_filtered
25,12,4,-147.62,-1.1,690.785,8.32,142.1,16847,R20MZ_FZ_150_IA-4_filtered
25,12,4,-147.5,8.038,686.255,28.54,-346.62,16395,R20MZ_FZ_150_IA-4_filtered
25,12,4,-147.22,-4.713,691.685,2.95,315.81,16937,R20MZ_FZ_150_IA-4_filtered
25,12,4,-147.02,3.07,685.015,38.64,-211.33,16271,R20MZ_FZ_150_IA-4_filtered
25,12,4,-147,9.742,688.065,23.17,-318.33,16575,R20MZ_FZ_150_IA-4_filtered
25,12,4,-146.92,0.756,690.315,27.05,-38.38,16800,R20MZ_FZ_150_IA-4_filtered
25,12,4,-146.68,-3.324,691.335,3.02,268.84,16902,R20MZ_FZ_150_IA-4_filtered
25,12,4,-145.91,8.766,686.435,24.13,-333.01,16413,R20MZ_FZ_150_IA-4_filtered
25,12,4,-145.74,5.358,685.585,34,-299.34,16328,R20MZ_FZ_150_IA-4_filtered
25,12,4,-145.56,2.772,684.945,37.75,-191.67,16264,R20MZ_FZ_150_IA-4_filtered
25,12,4,-145.5,8.871,688.285,23.03,-325.41,16597,R20MZ_FZ_150_IA-4_filtered
25,12,4,-145.41,8.498,688.375,27.1,-334.46,16606,R20MZ_FZ_150_IA-4_filtered
25,12,4,-145.36,8.336,686.325,24.92,-330.1,16402,R20MZ_FZ_150_IA-4_filtered
25,12,4,-144.97,7.956,688.515,24.17,-331.37,16620,R20MZ_FZ_150_IA-4_filtered
25,12,4,-144.89,8.353,686.335,25.36,-333.39,16403,R20MZ_FZ_150_IA-4_filtered
25,12,4,-143.82,6.407,685.845,29.18,-317.31,16354,R20MZ_FZ_150_IA-4_filtered
25,12,4,-143.42,7.089,686.015,29.33,-332.57,16371,R20MZ_FZ_150_IA-4_filtered
25,12,4,-143.33,2.855,684.965,38.77,-193.36,16266,R20MZ_FZ_150_IA-4_filtered
25,12,4,-141.97,4.394,685.345,34.38,-263.41,16304,R20MZ_FZ_150_IA-4_filtered
25,12,4,-139.92,4.357,685.335,34.18,-259.47,16303,R20MZ_FZ_150_IA-4_filtered
25,12,4,-106.81,-5.541,796.732,13.66,227.03,21040,R20MZ_FZ_100_IA-4_filtered
25,12,4,-106.42,-4.686,793.073,11.84,227.65,20675,R20MZ_FZ_100_IA-4_filtered
25,12,4,-106.21,1.374,785.973,32.02,-83.03,19966,R20MZ_FZ_100_IA-4_filtered
25,12,4,-106.09,-8.136,796.072,10.87,245.65,20974,R20MZ_FZ_100_IA-4_filtered
25,12,4,-105.84,-4.724,793.083,11.51,228.05,20676,R20MZ_FZ_100_IA-4_filtered
25,12,4,-105.84,-12.06,795.022,7.44,250.3,20869,R20MZ_FZ_100_IA-4_filtered
25,12,4,-105.7,-4.293,792.973,9.35,220.75,20665,R20MZ_FZ_100_IA-4_filtered
25,12,4,-105.26,-1.568,792.283,19,127.63,20596,R20MZ_FZ_100_IA-4_filtered
25,12,4,-105.25,-8.64,795.962,20.84,245.1,20963,R20MZ_FZ_100_IA-4_filtered
25,12,4,-104.92,-3.216,797.312,11.45,180,21098,R20MZ_FZ_100_IA-4_filtered
25,12,4,-104.86,1.972,786.123,30.94,-114.48,19981,R20MZ_FZ_100_IA-4_filtered
25,12,4,-104.69,3.495,791.023,29.25,-168.08,20470,R20MZ_FZ_100_IA-4_filtered
25,12,4,-104.64,-3.192,797.322,11.32,178.9,21099,R20MZ_FZ_100_IA-4_filtered
25,12,4,-104.63,-11.849,795.162,44.49,243.49,20883,R20MZ_FZ_100_IA-4_filtered
25,12,4,-104.57,2.054,791.383,29.56,-111.22,20506,R20MZ_FZ_100_IA-4_filtered
25,12,4,-104.54,1.337,785.963,32.51,-79.71,19965,R20MZ_FZ_100_IA-4_filtered
25,12,4,-104.37,-5.833,796.662,13.99,225.82,21033,R20MZ_FZ_100_IA-4_filtered
25,12,4,-104.29,6.609,790.243,25.15,-222.32,20392,R20MZ_FZ_100_IA-4_filtered
25,12,4,-104.17,-3.471,792.763,11.88,200.8,20644,R20MZ_FZ_100_IA-4_filtered
25,12,4,-104.05,-6.009,793.403,11.38,238.83,20708,R20MZ_FZ_100_IA-4_filtered
25,12,4,-104.03,-5.214,793.203,9.19,231.23,20688,R20MZ_FZ_100_IA-4_filtered
25,12,4,-103.93,-8.584,795.972,20.02,242.85,20964,R20MZ_FZ_100_IA-4_filtered
25,12,4,-103.88,-5.076,793.173,9.7,230.27,20685,R20MZ_FZ_100_IA-4_filtered
25,12,4,-103.86,4.773,790.703,26.66,-196.72,20438,R20MZ_FZ_100_IA-4_filtered
25,12,4,-103.85,-11.045,795.352,15.35,247.98,20902,R20MZ_FZ_100_IA-4_filtered
25,12,4,-103.8,-7.168,796.322,10.34,236.5,20999,R20MZ_FZ_100_IA-4_filtered
25,12,4,-103.64,-6.5,793.523,14.83,242.53,20720,R20MZ_FZ_100_IA-4_filtered
25,12,4,-103.59,-3.582,797.222,10.84,188.62,21089,R20MZ_FZ_100_IA-4_filtered
25,12,4,-103.41,4.305,790.823,24.44,-187.43,20450,R20MZ_FZ_100_IA-4_filtered
25,12,4,-103.26,-11.794,795.172,38.88,242.02,20884,R20MZ_FZ_100_IA-4_filtered
25,12,4,-103.21,-9.704,795.692,24.56,247.78,20936,R20MZ_FZ_100_IA-4_filtered
25,12,4,-103.2,-2.074,792.423,5.33,152.4,20610,R20MZ_FZ_100_IA-4_filtered
25,12,4,-103.19,2.156,791.353,30.3,-115.66,20503,R20MZ_FZ_100_IA-4_filtered
25,12,4,-103.14,4.47,790.783,28.61,-191.33,20446,R20MZ_FZ_100_IA-4_filtered
25,12,4,-103.09,-7.449,793.763,15.29,245.15,20744,R20MZ_FZ_100_IA-4_filtered
25,12,4,-103.04,-1.458,797.752,16.63,109.32,21142,R20MZ_FZ_100_IA-4_filtered
25,12,4,-102.97,7.064,790.133,20.98,-225.53,20381,R20MZ_FZ_100_IA-4_filtered
25,12,4,-102.94,-7.019,796.362,12.75,237.52,21003,R20MZ_FZ_100_IA-4_filtered
25,12,4,-102.88,1.609,786.033,28.25,-93.77,19972,R20MZ_FZ_100_IA-4_filtered
25,12,4,-102.8,3.371,791.053,27.19,-161.35,20473,R20MZ_FZ_100_IA-4_filtered
25,12,4,-102.71,-7.582,796.222,19.66,238.13,20989,R20MZ_FZ_100_IA-4_filtered
25,12,4,-102.64,2.679,786.303,30.05,-145.12,19999,R20MZ_FZ_100_IA-4_filtered
25,12,4,-102.63,7.522,790.013,25.14,-228.95,20369,R20MZ_FZ_100_IA-4_filtered
25,12,4,-102.62,3.815,790.943,27.17,-173.99,20462,R20MZ_FZ_100_IA-4_filtered
25,12,4,-102.62,-1.851,792.363,11.17,141.64,20604,R20MZ_FZ_100_IA-4_filtered
25,12,4,-102.57,-10.138,794.432,17.06,251,20811,R20MZ_FZ_100_IA-4_filtered
25,12,4,-102.28,7.601,789.993,26.32,-231.17,20367,R20MZ_FZ_100_IA-4_filtered
25,12,4,-102.16,-11.767,794.883,30.82,247.52,20856,R20MZ_FZ_100_IA-4_filtered
25,12,4,-102.09,-4.839,793.113,9.3,224.59,20679,R20MZ_FZ_100_IA-4_filtered
25,12,4,-102.05,-8.861,794.112,15.83,244.13,20779,R20MZ_FZ_100_IA-4_filtered
25,12,4,-102.01,2.668,791.233,27.56,-136.71,20491,R20MZ_FZ_100_IA-4_filtered
25,12,4,-101.95,-7.973,793.893,15.29,241.66,20757,R20MZ_FZ_100_IA-4_filtered
25,12,4,-101.79,-11.713,794.842,27.68,241.33,20852,R20MZ_FZ_100_IA-4_filtered
25,12,4,-101.78,-12.065,795.072,14.17,241.8,20874,R20MZ_FZ_100_IA-4_filtered
25,12,4,-101.49,11.84,788.633,11.44,-219.84,20232,R20MZ_FZ_100_IA-4_filtered
25,12,4,-101.35,-9.855,795.652,19.04,242.23,20932,R20MZ_FZ_100_IA-4_filtered
25,12,4,-101.19,2.859,786.353,32.22,-147.96,20004,R20MZ_FZ_100_IA-4_filtered
25,12,4,-101.18,-4.883,793.122,8.43,224.38,20680,R20MZ_FZ_100_IA-4_filtered
25,12,4,-101.16,11.581,788.523,20.91,-218,20221,R20MZ_FZ_100_IA-4_filtered
25,12,4,-101.15,-4.424,793.003,11.57,219.38,20668,R20MZ_FZ_100_IA-4_filtered
25,12,4,-101.14,-1.816,792.353,13.1,139.97,20603,R20MZ_FZ_100_IA-4_filtered
25,12,4,-100.98,2.721,791.223,27.53,-137.39,20490,R20MZ_FZ_100_IA-4_filtered
25,12,4,-100.94,11.305,789.063,28.37,-224.56,20274,R20MZ_FZ_100_IA-4_filtered
25,12,4,-100.82,7.438,790.033,24.1,-225.96,20371,R20MZ_FZ_100_IA-4_filtered
25,12,4,-100.8,4.968,790.653,26,-198.63,20433,R20MZ_FZ_100_IA-4_filtered
25,12,4,-100.16,-2.593,797.472,12.13,155.62,21114,R20MZ_FZ_100_IA-4_filtered
25,12,4,-100.12,8.257,787.693,24.64,-233.32,20138,R20MZ_FZ_100_IA-4_filtered
25,12,4,-100.11,-11.328,794.732,17.28,243.25,20841,R20MZ_FZ_100_IA-4_filtered
25,12,4,-99.87,6.431,790.293,24.91,-215.59,20397,R20MZ_FZ_100_IA-4_filtered
25,12,4,-99.65,-2.544,797.482,12.65,153.88,21115,R20MZ_FZ_100_IA-4_filtered
25,12,4,-99.56,11.181,788.423,20.85,-215.45,20211,R20MZ_FZ_100_IA-4_filtered
25,12,4,-99.56,11.841,788.653,8.55,-215.13,20234,R20MZ_FZ_100_IA-4_filtered
25,12,4,-99.52,1.481,791.533,24.38,-79.66,20521,R20MZ_FZ_100_IA-4_filtered
25,12,4,-99.49,-9.938,794.383,16.24,242.44,20806,R20MZ_FZ_100_IA-4_filtered
25,12,4,-99.41,-10.022,794.402,17.22,245.53,20808,R20MZ_FZ_100_IA-4_filtered
25,12,4,-99.38,-10.454,794.513,17.65,245.37,20819,R20MZ_FZ_100_IA-4_filtered
25,12,4,-99.35,-1.284,792.213,11.57,108.66,20589,R20MZ_FZ_100_IA-4_filtered
25,12,4,-99.32,3.349,786.463,25.77,-161.58,20015,R20MZ_FZ_100_IA-4_filtered
25,12,4,-99.25,-7.137,793.682,14.01,238.07,20736,R20MZ_FZ_100_IA-4_filtered
25,12,4,-99.15,12.179,788.813,25.99,-220.16,20249,R20MZ_FZ_100_IA-4_filtered
25,12,4,-99.08,12.183,788.773,27.37,-216.77,20245,R20MZ_FZ_100_IA-4_filtered
25,12,4,-98.89,-9.452,794.263,15.63,241,20794,R20MZ_FZ_100_IA-4_filtered
25,12,4,-98.88,7.368,790.053,23.68,-224.2,20373,R20MZ_FZ_100_IA-4_filtered
25,12,4,-98.84,-1.625,797.712,15.44,116.7,21138,R20MZ_FZ_100_IA-4_filtered
25,12,4,-98.72,-9.488,794.273,16.08,241.92,20795,R20MZ_FZ_100_IA-4_filtered
25,12,4,-98.71,10.178,789.353,20.71,-220.78,20303,R20MZ_FZ_100_IA-4_filtered
25,12,4,-98.64,7.326,790.063,23.51,-224.21,20374,R20MZ_FZ_100_IA-4_filtered
25,12,4,-98.6,8.174,787.673,25.07,-233.59,20136,R20MZ_FZ_100_IA-4_filtered
25,12,4,-98.4,7.843,789.933,22.08,-226.88,20361,R20MZ_FZ_100_IA-4_filtered
25,12,4,-98.4,0.853,791.683,25.69,-45.9,20536,R20MZ_FZ_100_IA-4_filtered
25,12,4,-98.1,8.608,787.783,24.4,-233.76,20147,R20MZ_FZ_100_IA-4_filtered
25,12,4,-98.08,11.058,789.133,17.12,-219.11,20281,R20MZ_FZ_100_IA-4_filtered
25,12,4,-98.03,10.866,788.343,21.65,-222.08,20203,R20MZ_FZ_100_IA-4_filtered
25,12,4,-97.87,-0.803,797.922,20.23,71.41,21159,R20MZ_FZ_100_IA-4_filtered
25,12,4,-97.72,10.091,789.373,19.32,-219.75,20305,R20MZ_FZ_100_IA-4_filtered
25,12,4,-97.52,-1.187,797.822,16.47,94.68,21149,R20MZ_FZ_100_IA-4_filtered
25,12,4,-97.42,3.436,786.483,24.23,-160.62,20017,R20MZ_FZ_100_IA-4_filtered
25,12,4,-97.38,10.369,788.223,22.63,-222.28,20191,R20MZ_FZ_100_IA-4_filtered
25,12,4,-97.17,9.063,787.893,23.69,-232.27,20158,R20MZ_FZ_100_IA-4_filtered
25,12,4,-96.97,7.254,787.443,26.1,-229.49,20113,R20MZ_FZ_100_IA-4_filtered
25,12,4,-96.17,4.994,786.873,27.71,-197.99,20056,R20MZ_FZ_100_IA-4_filtered
25,12,4,-95.96,5.578,787.023,27.69,-201.87,20071,R20MZ_FZ_100_IA-4_filtered
25,12,4,-95.61,0.417,791.793,23.68,-17.77,20547,R20MZ_FZ_100_IA-4_filtered
25,12,4,-95.36,3.973,786.623,32.78,-175.22,20031,R20MZ_FZ_100_IA-4_filtered
25,12,4,-94.19,4.331,786.713,25.98,-178.99,20040,R20MZ_FZ_100_IA-4_filtered
25,12,4,-93.79,0.508,791.773,22.64,-22.84,20545,R20MZ_FZ_100_IA-4_filtered
25,12,4,-93.15,6.183,787.173,25.51,-208.41,20086,R20MZ_FZ_100_IA-4_filtered
25,12,4,-57.42,-3.428,725.144,13.32,113.16,18151,R20MZ_FZ_50_IA-4_filtered
25,12,4,-55.23,-4.671,725.454,15.8,122.99,18182,R20MZ_FZ_50_IA-4_filtered
25,12,4,-55.11,1.683,718.444,21.75,-64.45,17482,R20MZ_FZ_50_IA-4_filtered
25,12,4,-54.71,-3.983,725.284,10.18,116.92,18165,R20MZ_FZ_50_IA-4_filtered
25,12,4,-54.59,1.366,718.364,24.04,-53.41,17474,R20MZ_FZ_50_IA-4_filtered
25,12,4,-54.48,-9.519,728.134,18.39,130.71,18449,R20MZ_FZ_50_IA-4_filtered
25,12,4,-53.99,-7.298,728.684,14.12,126.95,18504,R20MZ_FZ_50_IA-4_filtered
25,12,4,-53.96,-7.517,726.164,14.35,129.28,18253,R20MZ_FZ_50_IA-4_filtered
25,12,4,-53.86,-5.802,729.064,14.86,119.04,18542,R20MZ_FZ_50_IA-4_filtered
25,12,4,-53.85,-6.273,728.944,11.96,122.92,18530,R20MZ_FZ_50_IA-4_filtered
25,12,4,-53.71,-4.513,729.384,12.55,112.48,18574,R20MZ_FZ_50_IA-4_filtered
25,12,4,-53.61,-6.629,725.944,13.35,126.47,18231,R20MZ_FZ_50_IA-4_filtered
25,12,4,-53.42,-11.873,727.554,45.16,128.11,18391,R20MZ_FZ_50_IA-4_filtered
25,12,4,-53.32,-6.236,728.954,11.13,120.57,18531,R20MZ_FZ_50_IA-4_filtered
25,12,4,-53.3,6.635,722.624,21.06,-115.65,17899,R20MZ_FZ_50_IA-4_filtered
25,12,4,-53.29,-8.839,726.494,15.12,131.1,18286,R20MZ_FZ_50_IA-4_filtered
25,12,4,-53.24,-9.83,726.744,14.96,129.09,18311,R20MZ_FZ_50_IA-4_filtered
25,12,4,-53.22,-11.949,727.534,41.75,129.65,18389,R20MZ_FZ_50_IA-4_filtered
25,12,4,-53.05,-12.107,727.314,32.75,130.11,18367,R20MZ_FZ_50_IA-4_filtered
25,12,4,-52.94,-8.476,726.404,14.09,127.98,18277,R20MZ_FZ_50_IA-4_filtered
25,12,4,-52.9,-4.438,729.404,11.94,110.44,18576,R20MZ_FZ_50_IA-4_filtered
25,12,4,-52.86,0.39,718.124,24.03,-16.55,17450,R20MZ_FZ_50_IA-4_filtered
25,12,4,-52.85,3.925,723.304,21.39,-97.5,17967,R20MZ_FZ_50_IA-4_filtered
25,12,4,-52.75,-12.107,727.334,26.3,126.73,18369,R20MZ_FZ_50_IA-4_filtered
25,12,4,-52.74,7.514,722.404,21.88,-116.44,17877,R20MZ_FZ_50_IA-4_filtered
25,12,4,-52.71,3.498,718.894,19.06,-95.01,17527,R20MZ_FZ_50_IA-4_filtered
25,12,4,-52.68,6.276,722.714,21.41,-115.69,17908,R20MZ_FZ_50_IA-4_filtered
25,12,4,-52.62,-9.751,726.724,15.77,131.07,18309,R20MZ_FZ_50_IA-4_filtered
25,12,4,-52.55,2.041,718.534,23.32,-71.25,17491,R20MZ_FZ_50_IA-4_filtered
25,12,4,-52.47,8.959,722.044,15.13,-121.61,17841,R20MZ_FZ_50_IA-4_filtered
25,12,4,-52.46,-9.432,728.154,15.25,127.66,18451,R20MZ_FZ_50_IA-4_filtered
25,12,4,-52.42,-11.707,727.214,16.85,126.65,18358,R20MZ_FZ_50_IA-4_filtered
25,12,4,-52.4,3.607,718.924,18.46,-93.94,17530,R20MZ_FZ_50_IA-4_filtered
25,12,4,-52.37,4.329,723.204,20.36,-100.48,17957,R20MZ_FZ_50_IA-4_filtered
25,12,4,-52.19,11.845,721.004,6.53,-117.55,17738,R20MZ_FZ_50_IA-4_filtered
25,12,4,-51.93,4.009,723.284,20.62,-98.66,17965,R20MZ_FZ_50_IA-4_filtered
25,12,4,-51.83,-11.828,727.294,31.76,129.89,18366,R20MZ_FZ_50_IA-4_filtered
25,12,4,-51.77,-3.955,729.524,12.75,103.99,18588,R20MZ_FZ_50_IA-4_filtered
25,12,4,-51.76,-9.872,726.754,14.71,126.97,18312,R20MZ_FZ_50_IA-4_filtered
25,12,4,-51.61,5.882,722.814,20.56,-112.49,17918,R20MZ_FZ_50_IA-4_filtered
25,12,4,-51.56,-6.267,725.854,14.15,122.62,18222,R20MZ_FZ_50_IA-4_filtered
25,12,4,-51.54,-9.681,728.094,23.11,129.75,18445,R20MZ_FZ_50_IA-4_filtered
25,12,4,-51.31,-10.193,726.834,15.81,130.02,18320,R20MZ_FZ_50_IA-4_filtered
25,12,4,-51.29,-11.728,727.224,19.11,124.78,18359,R20MZ_FZ_50_IA-4_filtered
25,12,4,-51.27,-10.599,727.864,21.16,128.96,18422,R20MZ_FZ_50_IA-4_filtered
25,12,4,-51.24,-11.226,727.694,6.97,125.39,18405,R20MZ_FZ_50_IA-4_filtered
25,12,4,-51.15,11.632,721.364,16.84,-118.25,17773,R20MZ_FZ_50_IA-4_filtered
25,12,4,-51.14,4.964,723.044,19.81,-105.82,17941,R20MZ_FZ_50_IA-4_filtered
25,12,4,-51.11,-3.196,729.714,13.87,93.21,18607,R20MZ_FZ_50_IA-4_filtered
25,12,4,-51.1,-9.854,728.054,16.6,126.03,18441,R20MZ_FZ_50_IA-4_filtered
25,12,4,-51,-9.184,726.584,15.79,127.86,18295,R20MZ_FZ_50_IA-4_filtered
25,12,4,-50.99,-9.246,728.194,11.83,127.86,18455,R20MZ_FZ_50_IA-4_filtered
25,12,4,-50.98,-4.352,729.424,11.93,107.17,18578,R20MZ_FZ_50_IA-4_filtered
25,12,4,-50.93,-10.15,726.824,16,129.56,18319,R20MZ_FZ_50_IA-4_filtered
25,12,4,-50.83,6.36,722.694,21.67,-113.48,17906,R20MZ_FZ_50_IA-4_filtered
25,12,4,-50.81,-11.82,727.284,30.16,128.3,18365,R20MZ_FZ_50_IA-4_filtered
25,12,4,-50.59,2.863,718.744,24.43,-84.26,17512,R20MZ_FZ_50_IA-4_filtered
25,12,4,-50.57,-2.608,729.864,12.73,81.24,18622,R20MZ_FZ_50_IA-4_filtered
25,12,4,-50.51,6.296,719.594,21.66,-111.78,17597,R20MZ_FZ_50_IA-4_filtered
25,12,4,-50.49,3.302,718.844,19.83,-87.84,17522,R20MZ_FZ_50_IA-4_filtered
25,12,4,-50.43,9.535,721.894,21.83,-122.03,17826,R20MZ_FZ_50_IA-4_filtered
25,12,4,-50.43,-4.687,729.344,16.02,110.42,18570,R20MZ_FZ_50_IA-4_filtered
25,12,4,-50.43,-2.274,729.944,15.39,74.84,18630,R20MZ_FZ_50_IA-4_filtered
25,12,4,-50.35,-12.075,727.364,17.54,124.41,18372,R20MZ_FZ_50_IA-4_filtered
25,12,4,-50.34,8.623,722.124,21.66,-122.06,17849,R20MZ_FZ_50_IA-4_filtered
25,12,4,-50.28,1.535,723.904,16.57,-52.88,18027,R20MZ_FZ_50_IA-4_filtered
25,12,4,-50.18,9.755,721.844,15,-120.63,17821,R20MZ_FZ_50_IA-4_filtered
25,12,4,-50.06,11.769,720.964,18.16,-120.18,17734,R20MZ_FZ_50_IA-4_filtered
25,12,4,-50.03,-11.768,727.244,26,123.44,18361,R20MZ_FZ_50_IA-4_filtered
25,12,4,-49.97,-1.792,730.064,14.77,63.63,18642,R20MZ_FZ_50_IA-4_filtered
25,12,4,-49.85,-12.055,727.484,16.29,125.61,18384,R20MZ_FZ_50_IA-4_filtered
25,12,4,-49.75,4.596,723.134,23.48,-101.57,17950,R20MZ_FZ_50_IA-4_filtered
25,12,4,-49.74,5.493,719.394,21.37,-104.51,17577,R20MZ_FZ_50_IA-4_filtered
25,12,4,-49.7,-11.344,727.124,14.94,124.52,18349,R20MZ_FZ_50_IA-4_filtered
25,12,4,-49.69,-8.222,726.344,15.24,126.19,18271,R20MZ_FZ_50_IA-4_filtered
25,12,4,-49.69,-0.875,730.304,17.25,36.9,18666,R20MZ_FZ_50_IA-4_filtered
25,12,4,-49.68,6.822,719.724,19.91,-111.2,17610,R20MZ_FZ_50_IA-4_filtered
25,12,4,-49.68,1.495,723.914,16.56,-50.93,18028,R20MZ_FZ_50_IA-4_filtered
25,12,4,-49.47,-0.149,724.324,16.14,8.12,18069,R20MZ_FZ_50_IA-4_filtered
25,12,4,-49.44,3.283,723.464,19.68,-86.21,17983,R20MZ_FZ_50_IA-4_filtered
25,12,4,-49.43,-3.395,729.664,12.61,93.13,18602,R20MZ_FZ_50_IA-4_filtered
25,12,4,-49.41,-2.548,729.874,12.7,79.47,18623,R20MZ_FZ_50_IA-4_filtered
25,12,4,-49.35,-0.829,730.314,17.44,34.83,18667,R20MZ_FZ_50_IA-4_filtered
25,12,4,-49.23,9.044,720.284,20.13,-118.59,17666,R20MZ_FZ_50_IA-4_filtered
25,12,4,-49.2,5.103,719.294,19.13,-102.04,17567,R20MZ_FZ_50_IA-4_filtered
25,12,4,-49.2,9.172,721.994,19.19,-119.92,17836,R20MZ_FZ_50_IA-4_filtered
25,12,4,-49.18,3.714,723.354,22.37,-91.8,17972,R20MZ_FZ_50_IA-4_filtered
25,12,4,-49.14,5.527,719.404,21.63,-104.4,17578,R20MZ_FZ_50_IA-4_filtered
25,12,4,-48.9,11.097,720.794,18.24,-117.91,17717,R20MZ_FZ_50_IA-4_filtered
25,12,4,-48.81,8.684,720.194,19.05,-114.21,17657,R20MZ_FZ_50_IA-4_filtered
25,12,4,-48.75,1.449,723.924,17.55,-49.72,18029,R20MZ_FZ_50_IA-4_filtered
25,12,4,-48.69,12.128,721.174,26,-120.63,17754,R20MZ_FZ_50_IA-4_filtered
25,12,4,-48.57,4.647,719.184,21.86,-99.6,17556,R20MZ_FZ_50_IA-4_filtered
25,12,4,-47.99,11.694,720.944,19.39,-119.38,17732,R20MZ_FZ_50_IA-4_filtered
25,12,4,-47.72,-1.19,730.214,14.93,46.26,18657,R20MZ_FZ_50_IA-4_filtered
25,12,4,-47.3,-0.977,730.274,17.55,40.31,18663,R20MZ_FZ_50_IA-4_filtered
25,12,4,-47.24,-1.419,730.154,16.18,53.04,18651,R20MZ_FZ_50_IA-4_filtered
25,12,4,-46.93,7.887,719.994,20.01,-113.39,17637,R20MZ_FZ_50_IA-4_filtered
25,12,4,-46.38,0.106,724.264,19.07,-3.72,18063,R20MZ_FZ_50_IA-4_filtered
25,12,4,-46.37,8.921,720.254,21,-117.62,17663,R20MZ_FZ_50_IA-4_filtered
25,12,4,-46.04,7.44,719.884,20.25,-112.03,17626,R20MZ_FZ_50_IA-4_filtered
25,12,4,-45.92,-1.12,730.234,15.47,43.34,18659,R20MZ_FZ_50_IA-4_filtered
25,12,4,-45.91,-1.474,730.144,15.9,53.74,18650,R20MZ_FZ_50_IA-4_filtered
